"Term","Jaccard","Odds_Ratio","Fold_Enrichment","PValue","FDR","Genes"
"GO:2000752~regulation of glucosylceramide catabolic process",0.04,Inf,789.8,0.00126614332742481,0.0473758143823298,"950"
"GO:0043470~regulation of carbohydrate catabolic process",0.04,Inf,789.8,0.00126614332742481,0.0473758143823298,"950"
"GO:0140778~microtubule stabilizing activity",0.04,Inf,789.8,0.00126614332742481,0.0473758143823298,"4134"
"GO:0002135~CTP binding",0.04,Inf,789.8,0.00126614332742481,0.0473758143823298,"3320"
"GO:0032564~dATP binding",0.04,Inf,789.8,0.00126614332742481,0.0473758143823298,"3320"
"GO:0006864~pyrimidine nucleotide transport",0.0384615384615385,799.843992079224,394.9,0.00253074758273353,0.0473758143823298,"55186"
"GO:1990519~pyrimidine nucleotide import into mitochondrion",0.0384615384615385,799.843992079224,394.9,0.00253074758273353,0.0473758143823298,"55186"
"GO:0036490~regulation of translation in response to endoplasmic reticulum stress",0.0384615384615385,799.843992079224,394.9,0.00253074758273353,0.0473758143823298,"1965"
"GO:1902856~negative regulation of non-motile cilium assembly",0.0384615384615385,799.843992079224,394.9,0.00253074758273353,0.0473758143823298,"4134"
"GO:1902988~neurofibrillary tangle assembly",0.0384615384615385,799.843992079224,394.9,0.00253074758273353,0.0473758143823298,"3320"
"GO:1904978~regulation of endosome organization",0.0384615384615385,799.843992079224,394.9,0.00253074758273353,0.0473758143823298,"950"
"GO:2001295~malonyl-CoA biosynthetic process",0.0384615384615385,799.843992079224,394.9,0.00253074758273353,0.0473758143823298,"31"
"GO:0002130~wobble position ribose methylation",0.0384615384615385,799.843992079224,394.9,0.00253074758273353,0.0473758143823298,"11180"
"GO:0061692~cellular detoxification of hydrogen peroxide",0.0384615384615385,799.843992079224,394.9,0.00253074758273353,0.0473758143823298,"7295"
"GO:0015218~pyrimidine nucleotide transmembrane transporter activity",0.0384615384615385,799.843992079224,394.9,0.00253074758273353,0.0473758143823298,"55186"
"GO:0017098~sulfonylurea receptor binding",0.0384615384615385,799.843992079224,394.9,0.00253074758273353,0.0473758143823298,"3320"
"GO:0002134~UTP binding",0.0384615384615385,799.843992079224,394.9,0.00253074758273353,0.0473758143823298,"3320"
"R-HSA-9820962~Assembly and release of respiratory syncytial virus (RSV) virions",0.0384615384615385,799.843992079224,394.9,0.00253074758273353,0.0473758143823298,"3320"
"R-HSA-192905~vRNP Assembly",0.0384615384615385,799.843992079224,394.9,0.00253074758273353,0.0473758143823298,"3320"
"R-HSA-9834752~Respiratory syncytial virus genome replication",0.0384615384615385,799.843992079224,394.9,0.00253074758273353,0.0473758143823298,"3320"
"GO:2000170~positive regulation of peptidyl-cysteine S-nitrosylation",0.037037037037037,404.858473912261,263.266666666667,0.00379381455889871,0.0473758143823298,"7295"
"GO:2000676~positive regulation of type B pancreatic cell apoptotic process",0.037037037037037,404.858473912261,263.266666666667,0.00379381455889871,0.0473758143823298,"1965"
"GO:0043558~regulation of translational initiation in response to stress",0.037037037037037,404.858473912261,263.266666666667,0.00379381455889871,0.0473758143823298,"1965"
"GO:1904373~response to kainic acid",0.037037037037037,404.858473912261,263.266666666667,0.00379381455889871,0.0473758143823298,"1965"
"GO:0097750~endosome membrane tubulation",0.037037037037037,404.858473912261,263.266666666667,0.00379381455889871,0.0473758143823298,"23023"
"GO:0140285~endosome fission",0.037037037037037,404.858473912261,263.266666666667,0.00379381455889871,0.0473758143823298,"23023"
"GO:0051012~microtubule sliding",0.037037037037037,404.858473912261,263.266666666667,0.00379381455889871,0.0473758143823298,"4134"
"GO:1990737~response to manganese-induced endoplasmic reticulum stress",0.037037037037037,404.858473912261,263.266666666667,0.00379381455889871,0.0473758143823298,"1965"
"GO:0051022~Rho GDP-dissociation inhibitor binding",0.037037037037037,404.858473912261,263.266666666667,0.00379381455889871,0.0473758143823298,"3320"
"GO:0001002~RNA polymerase III type 1 promoter sequence-specific DNA binding",0.037037037037037,404.858473912261,263.266666666667,0.00379381455889871,0.0473758143823298,"9328"
"GO:0001003~RNA polymerase III type 2 promoter sequence-specific DNA binding",0.037037037037037,404.858473912261,263.266666666667,0.00379381455889871,0.0473758143823298,"9328"
"GO:0047134~protein-disulfide reductase [NAD(P)H] activity",0.037037037037037,404.858473912261,263.266666666667,0.00379381455889871,0.0473758143823298,"7295"
"GO:0003989~acetyl-CoA carboxylase activity",0.037037037037037,404.858473912261,263.266666666667,0.00379381455889871,0.0473758143823298,"31"
"R-HSA-5336415~Uptake and function of diphtheria toxin",0.0689655172413793,421.294972519889,263.266666666667,2.30144526956561e-05,0.0137905625238576,"1938, 3320"
"GO:0032057~negative regulation of translational initiation in response to stress",0.0357142857142857,271.928237317273,197.45,0.00505534604689495,0.0473758143823298,"1965"
"GO:0099527~postsynapse to nucleus signaling pathway",0.0357142857142857,271.928237317273,197.45,0.00505534604689495,0.0473758143823298,"9921"
"GO:0015917~aminophospholipid transport",0.0357142857142857,271.928237317273,197.45,0.00505534604689495,0.0473758143823298,"950"
"GO:0061684~chaperone-mediated autophagy",0.0357142857142857,271.928237317273,197.45,0.00505534604689495,0.0473758143823298,"3320"
"GO:0016830~carbon-carbon lyase activity",0.0357142857142857,271.928237317273,197.45,0.00505534604689495,0.0473758143823298,"23042"
"R-HSA-9665246~Resistance of ERBB2 KD mutants to neratinib",0.0357142857142857,271.928237317273,197.45,0.00505534604689495,0.0473758143823298,"3320"
"R-HSA-9665251~Resistance of ERBB2 KD mutants to lapatinib",0.0357142857142857,271.928237317273,197.45,0.00505534604689495,0.0473758143823298,"3320"
"R-HSA-9665230~Drug resistance in ERBB2 KD mutants",0.0357142857142857,271.928237317273,197.45,0.00505534604689495,0.0473758143823298,"3320"
"R-HSA-9665233~Resistance of ERBB2 KD mutants to trastuzumab",0.0357142857142857,271.928237317273,197.45,0.00505534604689495,0.0473758143823298,"3320"
"R-HSA-9665247~Resistance of ERBB2 KD mutants to osimertinib",0.0357142857142857,271.928237317273,197.45,0.00505534604689495,0.0473758143823298,"3320"
"R-HSA-9665249~Resistance of ERBB2 KD mutants to afatinib",0.0357142857142857,271.928237317273,197.45,0.00505534604689495,0.0473758143823298,"3320"
"R-HSA-9665737~Drug resistance in ERBB2 TMD/JMD mutants",0.0357142857142857,271.928237317273,197.45,0.00505534604689495,0.0473758143823298,"3320"
"R-HSA-9665245~Resistance of ERBB2 KD mutants to tesevatinib",0.0357142857142857,271.928237317273,197.45,0.00505534604689495,0.0473758143823298,"3320"
"R-HSA-9665250~Resistance of ERBB2 KD mutants to AEE788",0.0357142857142857,271.928237317273,197.45,0.00505534604689495,0.0473758143823298,"3320"
"R-HSA-9652282~Drug-mediated inhibition of ERBB2 signaling",0.0357142857142857,271.928237317273,197.45,0.00505534604689495,0.0473758143823298,"3320"
"R-HSA-9665244~Resistance of ERBB2 KD mutants to sapitinib",0.0357142857142857,271.928237317273,197.45,0.00505534604689495,0.0473758143823298,"3320"
"GO:0071731~response to nitric oxide",0.0344827586206897,204.253565014411,157.96,0.00631534383570154,0.0487395947790613,"7295"
"GO:0061523~cilium disassembly",0.0344827586206897,204.253565014411,157.96,0.00631534383570154,0.0487395947790613,"4134"
"GO:0032273~positive regulation of protein polymerization",0.0344827586206897,204.253565014411,157.96,0.00631534383570154,0.0487395947790613,"3320"
"GO:0099638~endosome to plasma membrane protein transport",0.0344827586206897,204.253565014411,157.96,0.00631534383570154,0.0487395947790613,"950"
"GO:0006084~acetyl-CoA metabolic process",0.0344827586206897,204.253565014411,157.96,0.00631534383570154,0.0487395947790613,"31"
"GO:0043335~protein unfolding",0.0344827586206897,204.253565014411,157.96,0.00631534383570154,0.0487395947790613,"3320"
"GO:0030235~nitric-oxide synthase regulator activity",0.0344827586206897,204.253565014411,157.96,0.00631534383570154,0.0487395947790613,"3320"
"R-HSA-8964011~HDL clearance",0.0344827586206897,204.253565014411,157.96,0.00631534383570154,0.0487395947790613,"3069"
"GO:1904395~positive regulation of skeletal muscle acetylcholine-gated channel clustering",0.0333333333333333,162.78512110926,131.633333333333,0.0075738097123027,0.0517543663674018,"23184"
"GO:0042791~5S class rRNA transcription by RNA polymerase III",0.0333333333333333,162.78512110926,131.633333333333,0.0075738097123027,0.0517543663674018,"9328"
"GO:1905671~regulation of lysosome organization",0.0333333333333333,162.78512110926,131.633333333333,0.0075738097123027,0.0517543663674018,"950"
"GO:1905323~telomerase holoenzyme complex assembly",0.0333333333333333,162.78512110926,131.633333333333,0.0075738097123027,0.0517543663674018,"3320"
"GO:0051294~establishment of spindle orientation",0.0333333333333333,162.78512110926,131.633333333333,0.0075738097123027,0.0517543663674018,"4134"
"R-HSA-5676934~Protein repair",0.0333333333333333,162.78512110926,131.633333333333,0.0075738097123027,0.0517543663674018,"7295"
"R-HSA-3000484~Scavenging by Class F Receptors",0.0333333333333333,162.78512110926,131.633333333333,0.0075738097123027,0.0517543663674018,"3320"
"WP4317:Mitochondrial fatty acid synthesis pathway",0.0333333333333333,162.78512110926,131.633333333333,0.0075738097123027,0.0517543663674018,"31"
"GO:0006384~transcription initiation at RNA polymerase III promoter",0.032258064516129,136.658345508966,112.828571428571,0.00883074546169205,0.053638602063611,"9328"
"GO:1990116~ribosome-associated ubiquitin-dependent protein catabolic process",0.032258064516129,136.658345508966,112.828571428571,0.00883074546169205,0.053638602063611,"9921"
"GO:0046826~negative regulation of protein export from nucleus",0.032258064516129,136.658345508966,112.828571428571,0.00883074546169205,0.053638602063611,"7295"
"GO:0010626~negative regulation of Schwann cell proliferation",0.032258064516129,136.658345508966,112.828571428571,0.00883074546169205,0.053638602063611,"9921"
"GO:0140468~HRI-mediated signaling",0.032258064516129,136.658345508966,112.828571428571,0.00883074546169205,0.053638602063611,"1965"
"GO:0030911~TPR domain binding",0.032258064516129,136.658345508966,112.828571428571,0.00883074546169205,0.053638602063611,"3320"
"GO:0004791~thioredoxin-disulfide reductase (NADPH) activity",0.032258064516129,136.658345508966,112.828571428571,0.00883074546169205,0.053638602063611,"7295"
"R-HSA-3371599~Defective HLCS causes multiple carboxylase deficiency",0.032258064516129,136.658345508966,112.828571428571,0.00883074546169205,0.053638602063611,"31"
"R-HSA-163765~ChREBP activates metabolic gene expression",0.032258064516129,136.658345508966,112.828571428571,0.00883074546169205,0.053638602063611,"31"
"GO:0036499~PERK-mediated unfolded protein response",0.03125,116.785435425424,98.725,0.0100861528668725,0.0565514212022939,"1965"
"GO:0046949~fatty-acyl-CoA biosynthetic process",0.03125,116.785435425424,98.725,0.0100861528668725,0.0565514212022939,"31"
"GO:0060452~positive regulation of cardiac muscle contraction",0.03125,116.785435425424,98.725,0.0100861528668725,0.0565514212022939,"3320"
"R-HSA-72731~Recycling of eIF2:GDP",0.03125,116.785435425424,98.725,0.0100861528668725,0.0565514212022939,"1965"
"R-HSA-5358493~Synthesis of diphthamide-EEF2",0.03125,116.785435425424,98.725,0.0100861528668725,0.0565514212022939,"1938"
"GO:0043388~positive regulation of DNA binding",0.05,113.725346593079,92.9176470588235,0.000206889578558391,0.0452398545114349,"7295, 8721"
"GO:0009651~response to salt stress",0.0303030303030303,102.124426088015,87.7555555555556,0.0113400337088613,0.0599924363952661,"3320"
"R-HSA-3323169~Defects in biotin (Btn) metabolism",0.0303030303030303,102.124426088015,87.7555555555556,0.0113400337088613,0.0599924363952661,"31"
"R-HSA-9840373~Cellular response to mitochondrial stress",0.0303030303030303,102.124426088015,87.7555555555556,0.0113400337088613,0.0599924363952661,"1965"
"WP5031:Biotin metabolism including IMDs",0.0303030303030303,102.124426088015,87.7555555555556,0.0113400337088613,0.0599924363952661,"31"
"GO:0070314~G1 to G0 transition",0.0294117647058824,90.8518664991731,78.98,0.0125923897666887,0.0645359975542798,"11180"
"GO:0001094~TFIID-class transcription factor complex binding",0.0294117647058824,90.8518664991731,78.98,0.0125923897666887,0.0645359975542798,"8721"
"R-HSA-9617629~Regulation of FOXO transcriptional activity by acetylation",0.0294117647058824,90.8518664991731,78.98,0.0125923897666887,0.0645359975542798,"7295"
"WP3934:Leptin and adiponectin",0.0294117647058824,90.8518664991731,78.98,0.0125923897666887,0.0645359975542798,"31"
"R-HSA-9634285~Constitutive Signaling by Overexpressed ERBB2",0.0285714285714286,81.8744626207966,71.8,0.0138432228174019,0.06776980722549,"3320"
"GO:0034101~erythrocyte homeostasis",0.0277777777777778,74.4726727828166,65.8166666666667,0.0150925346360687,0.0694805051050931,"6218"
"GO:0000002~mitochondrial genome maintenance",0.0277777777777778,74.4726727828166,65.8166666666667,0.0150925346360687,0.0694805051050931,"55186"
"GO:0010659~cardiac muscle cell apoptotic process",0.0277777777777778,74.4726727828166,65.8166666666667,0.0150925346360687,0.0694805051050931,"3320"
"GO:0042797~tRNA transcription by RNA polymerase III",0.0277777777777778,74.4726727828166,65.8166666666667,0.0150925346360687,0.0694805051050931,"9328"
"GO:0000995~RNA polymerase III general transcription initiation factor activity",0.0277777777777778,74.4726727828166,65.8166666666667,0.0150925346360687,0.0694805051050931,"9328"
"R-HSA-1474151~Tetrahydrobiopterin (BH4) synthesis, recycling, salvage and regulation",0.0277777777777778,74.4726727828166,65.8166666666667,0.0150925346360687,0.0694805051050931,"3320"
"R-HSA-3371511~HSF1 activation",0.0277777777777778,74.4726727828166,65.8166666666667,0.0150925346360687,0.0694805051050931,"3320"
"R-HSA-196780~Biotin transport and metabolism",0.0277777777777778,74.4726727828166,65.8166666666667,0.0150925346360687,0.0694805051050931,"31"
"GO:0006839~mitochondrial transport",0.027027027027027,68.2109833138117,60.7538461538462,0.0163403269957759,0.0729200987022381,"3320"
"GO:0045793~positive regulation of cell size",0.027027027027027,68.2109833138117,60.7538461538462,0.0163403269957759,0.0729200987022381,"3320"
"GO:0009314~response to radiation",0.0263157894736842,62.9867214763019,56.4142857142857,0.0175866016676336,0.0739539147049208,"7295"
"GO:0045040~protein insertion into mitochondrial outer membrane",0.0263157894736842,62.9867214763019,56.4142857142857,0.0175866016676336,0.0739539147049208,"3320"
"GO:0016831~carboxy-lyase activity",0.0263157894736842,62.9867214763019,56.4142857142857,0.0175866016676336,0.0739539147049208,"23042"
"GO:0140767~enzyme-substrate adaptor activity",0.0263157894736842,62.9867214763019,56.4142857142857,0.0175866016676336,0.0739539147049208,"3320"
"R-HSA-200425~Carnitine shuttle",0.0263157894736842,62.9867214763019,56.4142857142857,0.0175866016676336,0.0739539147049208,"31"
"R-HSA-3371568~Attenuation phase",0.0263157894736842,62.9867214763019,56.4142857142857,0.0175866016676336,0.0739539147049208,"3320"
"104.Insulin_signaling",0.0256410256410256,58.5026535047461,52.6533333333333,0.0188313604207789,0.0744179062411505,"1938"
"GO:0160049~negative regulation of cGAS/STING signaling pathway",0.0256410256410256,58.5026535047461,52.6533333333333,0.0188313604207789,0.0744179062411505,"5537"
"GO:0046209~nitric oxide metabolic process",0.0256410256410256,58.5026535047461,52.6533333333333,0.0188313604207789,0.0744179062411505,"3320"
"GO:0005041~low-density lipoprotein particle receptor activity",0.0256410256410256,58.5026535047461,52.6533333333333,0.0188313604207789,0.0744179062411505,"26020"
"R-HSA-5637810~Constitutive Signaling by EGFRvIII",0.0256410256410256,58.5026535047461,52.6533333333333,0.0188313604207789,0.0744179062411505,"3320"
"R-HSA-5637812~Signaling by EGFRvIII in Cancer",0.0256410256410256,58.5026535047461,52.6533333333333,0.0188313604207789,0.0744179062411505,"3320"
"R-HSA-203615~eNOS activation",0.0256410256410256,58.5026535047461,52.6533333333333,0.0188313604207789,0.0744179062411505,"3320"
"R-HSA-9648895~Response of EIF2AK1 (HRI) to heme deficiency",0.0256410256410256,58.5026535047461,52.6533333333333,0.0188313604207789,0.0744179062411505,"1965"
"R-HSA-5339562~Uptake and actions of bacterial toxins",0.037037037037037,58.9005827814295,50.9548387096774,0.000699736878736064,0.0473758143823298,"1938, 3320"
"GO:0045446~endothelial cell differentiation",0.025,54.6204530237196,49.3625,0.0200746050223743,0.0770113502612723,"8721"
"GO:0016788~hydrolase activity, acting on ester bonds",0.025,54.6204530237196,49.3625,0.0200746050223743,0.0770113502612723,"9797"
"R-HSA-399954~Sema3A PAK dependent Axon repulsion",0.025,54.6204530237196,49.3625,0.0200746050223743,0.0770113502612723,"3320"
"R-HSA-9820965~Respiratory syncytial virus (RSV) genome replication, transcription and translation",0.025,54.6204530237196,49.3625,0.0200746050223743,0.0770113502612723,"3320"
"R-HSA-9665348~Signaling by ERBB2 ECD mutants",0.025,54.6204530237196,49.3625,0.0200746050223743,0.0770113502612723,"3320"
"GO:0006414~translational elongation",0.024390243902439,51.2240052788603,46.4588235294118,0.0213163372376129,0.0790029221913791,"1938"
"GO:0008637~apoptotic mitochondrial changes",0.024390243902439,51.2240052788603,46.4588235294118,0.0213163372376129,0.0790029221913791,"10899"
"GO:0019752~carboxylic acid metabolic process",0.024390243902439,51.2240052788603,46.4588235294118,0.0213163372376129,0.0790029221913791,"23042"
"GO:0090110~COPII-coated vesicle cargo loading",0.024390243902439,51.2240052788603,46.4588235294118,0.0213163372376129,0.0790029221913791,"9632"
"R-HSA-844456~The NLRP3 inflammasome",0.024390243902439,51.2240052788603,46.4588235294118,0.0213163372376129,0.0790029221913791,"7295"
"WP4153:Degradation pathway of sphingolipids including diseases",0.024390243902439,51.2240052788603,46.4588235294118,0.0213163372376129,0.0790029221913791,"950"
"GO:0071380~cellular response to prostaglandin E stimulus",0.0238095238095238,48.1310698657187,43.8777777777778,0.0225565588297189,0.0813027614961295,"31"
"GO:0046785~microtubule polymerization",0.0238095238095238,48.1310698657187,43.8777777777778,0.0225565588297189,0.0813027614961295,"4134"
"R-HSA-9818027~NFE2L2 regulating anti-oxidant/detoxification enzymes",0.0238095238095238,48.1310698657187,43.8777777777778,0.0225565588297189,0.0813027614961295,"7295"
"WP5027:nsp1 from SARS CoV 2 inhibits translation initiation in the host cell",0.0238095238095238,48.1310698657187,43.8777777777778,0.0225565588297189,0.0813027614961295,"1965"
"hsa00061_Fatty_acid_biosynthesis",0.0238095238095238,48.1310698657187,43.8777777777778,0.0225565588297189,0.0813027614961295,"31"
"GO:0031396~regulation of protein ubiquitination",0.0232558139534884,45.4696998224801,41.5684210526316,0.023795271559949,0.0825909954673361,"3320"
"GO:0031643~positive regulation of myelination",0.0232558139534884,45.4696998224801,41.5684210526316,0.023795271559949,0.0825909954673361,"9921"
"R-HSA-1236382~Constitutive Signaling by Ligand-Responsive EGFR Cancer Variants",0.0232558139534884,45.4696998224801,41.5684210526316,0.023795271559949,0.0825909954673361,"3320"
"R-HSA-5637815~Signaling by Ligand-Responsive EGFR Variants in Cancer",0.0232558139534884,45.4696998224801,41.5684210526316,0.023795271559949,0.0825909954673361,"3320"
"R-HSA-202131~Metabolism of nitric oxide: NOS3 activation and regulation",0.0232558139534884,45.4696998224801,41.5684210526316,0.023795271559949,0.0825909954673361,"3320"
"R-HSA-8876725~Protein methylation",0.0232558139534884,45.4696998224801,41.5684210526316,0.023795271559949,0.0825909954673361,"1938"
"GO:0046677~response to antibiotic",0.0227272727272727,43.1244638832691,39.49,0.0250324771875986,0.0845437820509393,"3320"
"GO:0004518~nuclease activity",0.0227272727272727,43.1244638832691,39.49,0.0250324771875986,0.0845437820509393,"9797"
"WP5492:AMPK regulation of mammary milk protein synthesis",0.0227272727272727,43.1244638832691,39.49,0.0250324771875986,0.0845437820509393,"1938"
"WP4206:Hereditary leiomyomatosis and renal cell carcinoma pathway",0.0227272727272727,43.1244638832691,39.49,0.0250324771875986,0.0845437820509393,"31"
"GO:0034243~regulation of transcription elongation by RNA polymerase II",0.0222222222222222,40.9590450281457,37.6095238095238,0.0262681774699967,0.0865925850267227,"10771"
"GO:0070182~DNA polymerase binding",0.0222222222222222,40.9590450281457,37.6095238095238,0.0262681774699967,0.0865925850267227,"3320"
"KW-0210~Decarboxylase",0.0222222222222222,40.9590450281457,37.6095238095238,0.0262681774699967,0.0865925850267227,"23042"
"WP5066:FOXA2 pathway",0.0222222222222222,40.9590450281457,37.6095238095238,0.0262681774699967,0.0865925850267227,"31"
"GO:0043254~regulation of protein-containing complex assembly",0.0217391304347826,39.0470246467242,35.9,0.0275023741625162,0.0875803759738381,"3320"
"GO:0007004~telomere maintenance via telomerase",0.0217391304347826,39.0470246467242,35.9,0.0275023741625162,0.0875803759738381,"3320"
"R-HSA-622312~Inflammasomes",0.0217391304347826,39.0470246467242,35.9,0.0275023741625162,0.0875803759738381,"7295"
"R-HSA-9613829~Chaperone Mediated Autophagy",0.0217391304347826,39.0470246467242,35.9,0.0275023741625162,0.0875803759738381,"3320"
"R-HSA-9665686~Signaling by ERBB2 TMD/JMD mutants",0.0217391304347826,39.0470246467242,35.9,0.0275023741625162,0.0875803759738381,"3320"
"WP357:Fatty acid biosynthesis",0.0217391304347826,39.0470246467242,35.9,0.0275023741625162,0.0875803759738381,"31"
"WP3580:Methionine de novo and salvage pathway",0.0217391304347826,39.0470246467242,35.9,0.0275023741625162,0.0875803759738381,"7295"
"GO:0048208~COPII vesicle coating",0.0212765957446809,37.2495149645954,34.3391304347826,0.0287350690185691,0.088916062623497,"5537"
"R-HSA-9013418~RHOBTB2 GTPase cycle",0.0212765957446809,37.2495149645954,34.3391304347826,0.0287350690185691,0.088916062623497,"3320"
"R-HSA-3296482~Defects in vitamin and cofactor metabolism",0.0212765957446809,37.2495149645954,34.3391304347826,0.0287350690185691,0.088916062623497,"31"
"R-HSA-171319~Telomere Extension By Telomerase",0.0212765957446809,37.2495149645954,34.3391304347826,0.0287350690185691,0.088916062623497,"5537"
"WP262:Ebstein Barr virus LMP1 signaling",0.0212765957446809,37.2495149645954,34.3391304347826,0.0287350690185691,0.088916062623497,"3320"
"WP4925:Unfolded protein response",0.0212765957446809,37.2495149645954,34.3391304347826,0.0287350690185691,0.088916062623497,"1965"
"GO:0051131~chaperone-mediated protein complex assembly",0.0208333333333333,35.6256959645308,32.9083333333333,0.0299662637896134,0.0910086529906778,"3320"
"GO:0015035~protein-disulfide reductase activity",0.0208333333333333,35.6256959645308,32.9083333333333,0.0299662637896134,0.0910086529906778,"7295"
"GO:0038024~cargo receptor activity",0.0208333333333333,35.6256959645308,32.9083333333333,0.0299662637896134,0.0910086529906778,"950"
"R-HSA-3371571~HSF1-dependent transactivation",0.0208333333333333,35.6256959645308,32.9083333333333,0.0299662637896134,0.0910086529906778,"3320"
"R-HSA-9664565~Signaling by ERBB2 KD Mutants",0.0204081632653061,34.1220284600287,31.592,0.031195960225152,0.0934454333684919,"3320"
"R-HSA-1643713~Signaling by EGFR in Cancer",0.0204081632653061,34.1220284600287,31.592,0.031195960225152,0.0934454333684919,"3320"
"GO:0034605~cellular response to heat",0.027027027027027,34.8547007569079,30.9725490196078,0.00188911779291151,0.0473758143823298,"1965, 3320"
"GO:0032212~positive regulation of telomere maintenance via telomerase",0.02,32.769480350288,30.3769230769231,0.032424160072737,0.0935379978438469,"3320"
"GO:0001894~tissue homeostasis",0.02,32.769480350288,30.3769230769231,0.032424160072737,0.0935379978438469,"31"
"GO:0042026~protein refolding",0.02,32.769480350288,30.3769230769231,0.032424160072737,0.0935379978438469,"3320"
"GO:0006622~protein targeting to lysosome",0.02,32.769480350288,30.3769230769231,0.032424160072737,0.0935379978438469,"950"
"GO:0106222~lncRNA binding",0.02,32.769480350288,30.3769230769231,0.032424160072737,0.0935379978438469,"1938"
"GO:0050750~low-density lipoprotein particle receptor binding",0.02,32.769480350288,30.3769230769231,0.032424160072737,0.0935379978438469,"23184"
"R-HSA-1227990~Signaling by ERBB2 in Cancer",0.02,32.769480350288,30.3769230769231,0.032424160072737,0.0935379978438469,"3320"
"R-HSA-72695~Formation of the ternary complex, and subsequently, the 43S complex",0.0266666666666667,34.1512512350951,30.3769230769231,0.00196316111890626,0.0473758143823298,"1965, 6218"
"WP107:Translation factors",0.0266666666666667,34.1512512350951,30.3769230769231,0.00196316111890626,0.0473758143823298,"1938, 1965"
"WP5500:Bempedoic acid therapy in atherosclerosis and metabolic syndrome",0.02,32.769480350288,30.3769230769231,0.032424160072737,0.0935379978438469,"31"
"GO:0006413~translational initiation",0.025974025974026,32.8423774071491,29.2518518518519,0.00211533545114781,0.0473758143823298,"1965, 6218"
"GO:0003009~skeletal muscle contraction",0.0196078431372549,31.515700604216,29.2518518518519,0.0336508650779693,0.0935379978438469,"3320"
"GO:0046329~negative regulation of JNK cascade",0.0196078431372549,31.515700604216,29.2518518518519,0.0336508650779693,0.0935379978438469,"10771"
"GO:0005044~scavenger receptor activity",0.0196078431372549,31.515700604216,29.2518518518519,0.0336508650779693,0.0935379978438469,"950"
"GO:0023026~MHC class II protein complex binding",0.0196078431372549,31.515700604216,29.2518518518519,0.0336508650779693,0.0935379978438469,"3320"
"R-HSA-8978934~Metabolism of cofactors",0.0196078431372549,31.515700604216,29.2518518518519,0.0336508650779693,0.0935379978438469,"3320"
"R-HSA-9664424~Cell recruitment (pro-inflammatory response)",0.0196078431372549,31.515700604216,29.2518518518519,0.0336508650779693,0.0935379978438469,"7295"
"R-HSA-1655829~Regulation of cholesterol biosynthesis by SREBP (SREBF)",0.025974025974026,32.8423774071491,29.2518518518519,0.00211533545114781,0.0473758143823298,"31, 9632"
"R-HSA-9660826~Purinergic signaling in leishmaniasis infection",0.0196078431372549,31.515700604216,29.2518518518519,0.0336508650779693,0.0935379978438469,"7295"
"R-HSA-76066~RNA Polymerase III Transcription Initiation From Type 2 Promoter",0.0196078431372549,31.515700604216,29.2518518518519,0.0336508650779693,0.0935379978438469,"9328"
"GO:0034063~stress granule assembly",0.0192307692307692,30.3492560198395,28.2071428571429,0.0348760769845038,0.0951062939049648,"1965"
"GO:0097718~disordered domain specific binding",0.0192307692307692,30.3492560198395,28.2071428571429,0.0348760769845038,0.0951062939049648,"3320"
"R-HSA-76061~RNA Polymerase III Transcription Initiation From Type 1 Promoter",0.0192307692307692,30.3492560198395,28.2071428571429,0.0348760769845038,0.0951062939049648,"9328"
"KW-0251~Elongation factor",0.0192307692307692,30.3492560198395,28.2071428571429,0.0348760769845038,0.0951062939049648,"1938"
"GO:0010592~positive regulation of lamellipodium assembly",0.0188679245283019,29.2669778674483,27.2344827586207,0.0360997975340491,0.0951062939049648,"3320"
"GO:0030488~tRNA methylation",0.0188679245283019,29.2669778674483,27.2344827586207,0.0360997975340491,0.0951062939049648,"11180"
"GO:0030234~enzyme regulator activity",0.0188679245283019,29.2669778674483,27.2344827586207,0.0360997975340491,0.0951062939049648,"11180"
"GO:0031210~phosphatidylcholine binding",0.0188679245283019,29.2669778674483,27.2344827586207,0.0360997975340491,0.0951062939049648,"950"
"R-HSA-8863795~Downregulation of ERBB2 signaling",0.0188679245283019,29.2669778674483,27.2344827586207,0.0360997975340491,0.0951062939049648,"3320"
"R-HSA-5218920~VEGFR2 mediated vascular permeability",0.0188679245283019,29.2669778674483,27.2344827586207,0.0360997975340491,0.0951062939049648,"3320"
"R-HSA-499943~Interconversion of nucleotide di- and triphosphates",0.0188679245283019,29.2669778674483,27.2344827586207,0.0360997975340491,0.0951062939049648,"7295"
"R-HSA-5601884~PIWI-interacting RNA (piRNA) biogenesis",0.0188679245283019,29.2669778674483,27.2344827586207,0.0360997975340491,0.0951062939049648,"3320"
"WP3965:Lipid metabolism pathway",0.0188679245283019,29.2669778674483,27.2344827586207,0.0360997975340491,0.0951062939049648,"31"
"R-HSA-72649~Translation initiation complex formation",0.024390243902439,29.9606439422539,26.7728813559322,0.00251946289934152,0.0473758143823298,"1965, 6218"
"R-HSA-72702~Ribosomal scanning and start codon recognition",0.024390243902439,29.9606439422539,26.7728813559322,0.00251946289934152,0.0473758143823298,"1965, 6218"
"GO:0007498~mesoderm development",0.0185185185185185,28.2602519675271,26.3266666666667,0.0373220284663714,0.096771741794228,"23184"
"GO:0006383~transcription by RNA polymerase III",0.0185185185185185,28.2602519675271,26.3266666666667,0.0373220284663714,0.096771741794228,"9328"
"GO:0003746~translation elongation factor activity",0.0185185185185185,28.2602519675271,26.3266666666667,0.0373220284663714,0.096771741794228,"1938"
"R-HSA-72662~Activation of the mRNA upon binding of the cap-binding complex and eIFs, and subsequent binding to 43S",0.0240963855421687,29.444466313191,26.3266666666667,0.0026043236490618,0.0473758143823298,"1965, 6218"
"R-HSA-983170~Antigen Presentation: Folding, assembly and peptide loading of class I MHC",0.0185185185185185,28.2602519675271,26.3266666666667,0.0373220284663714,0.096771741794228,"9632"
"GO:0009409~response to cold",0.0181818181818182,27.3213653539215,25.4774193548387,0.0385427715192919,0.0972463773717518,"3320"
"GO:0034394~protein localization to cell surface",0.0181818181818182,27.3213653539215,25.4774193548387,0.0385427715192919,0.0972463773717518,"23184"
"GO:0140662~ATP-dependent protein folding chaperone",0.0181818181818182,27.3213653539215,25.4774193548387,0.0385427715192919,0.0972463773717518,"3320"
"R-HSA-5675482~Regulation of necroptotic cell death",0.0181818181818182,27.3213653539215,25.4774193548387,0.0385427715192919,0.0972463773717518,"3320"
"R-HSA-5213460~RIPK1-mediated regulated necrosis",0.0181818181818182,27.3213653539215,25.4774193548387,0.0385427715192919,0.0972463773717518,"3320"
"WP2875:Constitutive androstane receptor pathway",0.0181818181818182,27.3213653539215,25.4774193548387,0.0385427715192919,0.0972463773717518,"3320"
"GO:0051881~regulation of mitochondrial membrane potential",0.0178571428571429,26.4434544988477,24.68125,0.0397620284286971,0.0986562069059567,"55186"
"R-HSA-381042~PERK regulates gene expression",0.0178571428571429,26.4434544988477,24.68125,0.0397620284286971,0.0986562069059567,"1965"
"WP2876:Pregnane X receptor pathway",0.0178571428571429,26.4434544988477,24.68125,0.0397620284286971,0.0986562069059567,"3320"
"hsa00640_Propanoate_metabolism",0.0178571428571429,26.4434544988477,24.68125,0.0397620284286971,0.0986562069059567,"31"
"R-HSA-5694530~Cargo concentration in the ER",0.0175438596491228,25.6204605411606,23.9333333333333,0.0409798009285344,0.101062967703453,"9632"
"WP1403:AMP activated protein kinase signaling",0.0222222222222222,26.2780470749078,23.5761194029851,0.00323561708002879,0.0473758143823298,"1938, 31"
"GO:0099072~regulation of postsynaptic membrane neurotransmitter receptor levels",0.0172413793103448,24.8470705152569,23.2294117647059,0.0421960907508145,0.103285953479606,"3320"
"GO:0002230~positive regulation of defense response to virus by host",0.0172413793103448,24.8470705152569,23.2294117647059,0.0421960907508145,0.103285953479606,"3320"
"WP1982:Sterol regulatory element binding proteins SREBP signaling",0.0217391304347826,25.4892458648818,22.8927536231884,0.00342786883172388,0.0473758143823298,"31, 9632"
"R-HSA-9706574~RHOBTB GTPase Cycle",0.0169491525423729,24.1013467294185,22.5657142857143,0.0434108996256169,0.105864498715259,"3320"
"R-HSA-204005~COPII-mediated vesicle transport",0.0212765957446809,24.7489394111196,22.2478873239437,0.00362535444900804,0.0473758143823298,"5537, 9632"
"GO:0042220~response to cocaine",0.0166666666666667,23.4134371159268,21.9388888888889,0.0446242292810892,0.107623141207333,"3320"
"GO:2001237~negative regulation of extrinsic apoptotic signaling pathway",0.0166666666666667,23.4134371159268,21.9388888888889,0.0446242292810892,0.107623141207333,"10771"
"R-HSA-76046~RNA Polymerase III Transcription Initiation",0.0166666666666667,23.4134371159268,21.9388888888889,0.0446242292810892,0.107623141207333,"9328"
"GO:0002218~activation of innate immune response",0.0163934426229508,22.7646216808517,21.3459459459459,0.0458360814434505,0.107772291852701,"3320"
"GO:0051020~GTPase binding",0.0163934426229508,22.7646216808517,21.3459459459459,0.0458360814434505,0.107772291852701,"3320"
"R-HSA-75105~Fatty acyl-CoA biosynthesis",0.0163934426229508,22.7646216808517,21.3459459459459,0.0458360814434505,0.107772291852701,"31"
"R-HSA-9824439~Bacterial Infection Pathways",0.0206185567010309,23.7171925965277,21.3459459459459,0.00393134049356942,0.0473758143823298,"1938, 3320"
"R-HSA-3299685~Detoxification of Reactive Oxygen Species",0.0163934426229508,22.7646216808517,21.3459459459459,0.0458360814434505,0.107772291852701,"7295"
"R-HSA-9735869~SARS-CoV-1 modulates host translation machinery",0.0163934426229508,22.7646216808517,21.3459459459459,0.0458360814434505,0.107772291852701,"6218"
"R-HSA-8964043~Plasma lipoprotein clearance",0.0163934426229508,22.7646216808517,21.3459459459459,0.0458360814434505,0.107772291852701,"3069"
"GO:0043022~ribosome binding",0.0204081632653061,23.3923938964974,21.0613333333333,0.00403592514441558,0.0473758143823298,"1938, 1965"
"GO:0019216~regulation of lipid metabolic process",0.0161290322580645,22.1458534720142,20.7842105263158,0.0470464578369919,0.109441405464775,"8721"
"R-HSA-9013424~RHOV GTPase cycle",0.0158730158730159,21.5627586400109,20.2512820512821,0.0482553601840798,0.111856947988538,"11180"
"GO:0009408~response to heat",0.015625,21.0092220434421,19.745,0.0494627902051601,0.11425207878375,"3320"
"GO:0090148~membrane fission",0.0153846153846154,20.4757000686254,19.2634146341463,0.0506687496187536,0.114575237484182,"23023"
"GO:0007029~endoplasmic reticulum organization",0.0153846153846154,20.4757000686254,19.2634146341463,0.0506687496187536,0.114575237484182,"23023"
"R-HSA-2426168~Activation of gene expression by SREBF (SREBP)",0.0153846153846154,20.4757000686254,19.2634146341463,0.0506687496187536,0.114575237484182,"31"
"R-HSA-74158~RNA Polymerase III Transcription",0.0153846153846154,20.4757000686254,19.2634146341463,0.0506687496187536,0.114575237484182,"9328"
"R-HSA-749476~RNA Polymerase III Abortive And Retractive Initiation",0.0153846153846154,20.4757000686254,19.2634146341463,0.0506687496187536,0.114575237484182,"9328"
"WP1433:Nucleotide binding oligomerization domain NOD pathway",0.0153846153846154,20.4757000686254,19.2634146341463,0.0506687496187536,0.114575237484182,"3320"
"GO:0045860~positive regulation of protein kinase activity",0.0151515151515152,19.9788989237174,18.8047619047619,0.0518732401414664,0.114575237484182,"10899"
"GO:0045454~cell redox homeostasis",0.0151515151515152,19.9788989237174,18.8047619047619,0.0518732401414664,0.114575237484182,"7295"
"R-HSA-9696264~RND3 GTPase cycle",0.0151515151515152,19.9788989237174,18.8047619047619,0.0518732401414664,0.114575237484182,"11180"
"R-HSA-9013420~RHOU GTPase cycle",0.0151515151515152,19.9788989237174,18.8047619047619,0.0518732401414664,0.114575237484182,"11180"
"R-HSA-9696273~RND1 GTPase cycle",0.0151515151515152,19.9788989237174,18.8047619047619,0.0518732401414664,0.114575237484182,"11180"
"WP4148:Splicing factor NOVA regulated synaptic proteins",0.0151515151515152,19.9788989237174,18.8047619047619,0.0518732401414664,0.114575237484182,"4134"
"GO:0045429~positive regulation of nitric oxide biosynthetic process",0.0149253731343284,19.5026516422401,18.3674418604651,0.0530762634879853,0.115291486252048,"3320"
"GO:0032728~positive regulation of interferon-beta production",0.0149253731343284,19.5026516422401,18.3674418604651,0.0530762634879853,0.115291486252048,"3320"
"GO:0042307~positive regulation of protein import into nucleus",0.0149253731343284,19.5026516422401,18.3674418604651,0.0530762634879853,0.115291486252048,"3320"
"R-HSA-9696270~RND2 GTPase cycle",0.0149253731343284,19.5026516422401,18.3674418604651,0.0530762634879853,0.115291486252048,"11180"
"R-HSA-2173782~Binding and Uptake of Ligands by Scavenger Receptors",0.0149253731343284,19.5026516422401,18.3674418604651,0.0530762634879853,0.115291486252048,"3320"
"GO:0048156~tau protein binding",0.0147058823529412,19.060088148467,17.95,0.0542778213710841,0.116741805965348,"3320"
"R-HSA-975634~Retinoid metabolism and transport",0.0147058823529412,19.060088148467,17.95,0.0542778213710841,0.116741805965348,"26020"
"WP4577:Neurodegeneration with brain iron accumulation NBIA subtypes pathway",0.0147058823529412,19.060088148467,17.95,0.0542778213710841,0.116741805965348,"31"
"WP231:TNF alpha signaling",0.0178571428571429,19.6113178903484,17.7483146067416,0.00563406083071365,0.0487395947790613,"3320, 7295"
"GO:0033138~positive regulation of peptidyl-serine phosphorylation",0.0144927536231884,18.6208565614981,17.5511111111111,0.0554779155016213,0.117778357828685,"7295"
"R-HSA-156902~Peptide chain elongation",0.0176991150442478,19.3859197319356,17.5511111111111,0.00575765608658184,0.0487395947790613,"1938, 6218"
"WP2873:Aryl hydrocarbon receptor pathway",0.0144927536231884,18.6208565614981,17.5511111111111,0.0554779155016213,0.117778357828685,"3320"
"WP4758:Nephrotic syndrome",0.0144927536231884,18.6208565614981,17.5511111111111,0.0554779155016213,0.117778357828685,"950"
"WP2586:Aryl hydrocarbon receptor pathway",0.0142857142857143,18.2040188230744,17.1695652173913,0.0566765475885483,0.118785352134466,"3320"
"WP2355:Corticotropin releasing hormone signaling",0.0173913043478261,18.9516351683313,17.1695652173913,0.00600857088261812,0.0487395947790613,"31, 3320"
"WP4861:Endoplasmic reticulum stress response in coronavirus infection",0.0142857142857143,18.2040188230744,17.1695652173913,0.0566765475885483,0.118785352134466,"1965"
"WP4535:Envelope proteins and their potential roles in EDMD physiopathology",0.0142857142857143,18.2040188230744,17.1695652173913,0.0566765475885483,0.118785352134466,"55249"
"GO:0006513~protein monoubiquitination",0.0140845070422535,17.8067265508529,16.8042553191489,0.0578737193389052,0.119763911313318,"9921"
"GO:0035914~skeletal muscle cell differentiation",0.0140845070422535,17.8067265508529,16.8042553191489,0.0578737193389052,0.119763911313318,"9328"
"R-HSA-156842~Eukaryotic Translation Elongation",0.0170940170940171,18.5373365738202,16.8042553191489,0.00626443085365275,0.0487395947790613,"1938, 6218"
"R-HSA-9646399~Aggrephagy",0.0140845070422535,17.8067265508529,16.8042553191489,0.0578737193389052,0.119763911313318,"3320"
"hsa00620_Pyruvate_metabolism",0.0140845070422535,17.8067265508529,16.8042553191489,0.0578737193389052,0.119763911313318,"31"
"R-HSA-381119~Unfolded Protein Response (UPR)",0.0169491525423729,18.3370785369077,16.6273684210526,0.00639420759803389,0.0487744207477934,"1965, 9797"
"GO:0048839~inner ear development",0.0138888888888889,17.4269691805024,16.4541666666667,0.0590694324578274,0.121471936339607,"26020"
"R-HSA-6806667~Metabolism of fat-soluble vitamins",0.0138888888888889,17.4269691805024,16.4541666666667,0.0590694324578274,0.121471936339607,"26020"
"GO:0034198~cellular response to amino acid starvation",0.0135135135135135,16.7140278613325,15.796,0.0614564896123839,0.124430423412728,"1965"
"R-HSA-1227986~Signaling by ERBB2",0.0135135135135135,16.7140278613325,15.796,0.0614564896123839,0.124430423412728,"3320"
"R-HSA-381038~XBP1(S) activates chaperone genes",0.0135135135135135,16.7140278613325,15.796,0.0614564896123839,0.124430423412728,"9797"
"GO:0055088~lipid homeostasis",0.0133333333333333,16.3765395585078,15.4862745098039,0.0626478370487737,0.124914836182357,"31"
"GO:1990782~protein tyrosine kinase binding",0.0133333333333333,16.3765395585078,15.4862745098039,0.0626478370487737,0.124914836182357,"3320"
"R-HSA-9633012~Response of EIF2AK4 (GCN2) to amino acid deficiency",0.016,17.0453524359624,15.4862745098039,0.00733683232537317,0.0517543663674018,"1965, 6218"
"R-HSA-180786~Extension of Telomeres",0.0133333333333333,16.3765395585078,15.4862745098039,0.0626478370487737,0.124914836182357,"5537"
"R-HSA-9754678~SARS-CoV-2 modulates host translation machinery",0.0133333333333333,16.3765395585078,15.4862745098039,0.0626478370487737,0.124914836182357,"6218"
"WP3611:Photodynamic therapy induced AP 1 survival signaling",0.0133333333333333,16.3765395585078,15.4862745098039,0.0626478370487737,0.124914836182357,"3320"
"GO:0008033~tRNA processing",0.0131578947368421,16.058196604356,15.1884615384615,0.0638377326552418,0.125758416281798,"11180"
"GO:0000423~mitophagy",0.0131578947368421,16.058196604356,15.1884615384615,0.0638377326552418,0.125758416281798,"1965"
"R-HSA-381070~IRE1alpha activates chaperones",0.0131578947368421,16.058196604356,15.1884615384615,0.0638377326552418,0.125758416281798,"9797"
"KW-0275~Fatty acid biosynthesis",0.0131578947368421,16.058196604356,15.1884615384615,0.0638377326552418,0.125758416281798,"31"
"GO:0006869~lipid transport",0.0153846153846154,16.2330024362919,14.7626168224299,0.008046370327879,0.053638602063611,"26020, 3069"
"GO:0015485~cholesterol binding",0.0126582278481013,15.1645237969349,14.36,0.0673987254419709,0.131587987767657,"950"
"KW-0396~Initiation factor",0.0126582278481013,15.1645237969349,14.36,0.0673987254419709,0.131587987767657,"1965"
"GO:0006633~fatty acid biosynthetic process",0.0125,14.8886208287414,14.1035714285714,0.068582830666143,0.13265554519675,"31"
"GO:0030170~pyridoxal phosphate binding",0.0125,14.8886208287414,14.1035714285714,0.068582830666143,0.13265554519675,"23042"
"R-HSA-156827~L13a-mediated translational silencing of Ceruloplasmin expression",0.0148148148148148,15.492302877679,14.1035714285714,0.00878567687179446,0.053638602063611,"1965, 6218"
"KW-0021~Allosteric enzyme",0.0125,14.8886208287414,14.1035714285714,0.068582830666143,0.13265554519675,"31"
"R-HSA-72706~GTP hydrolysis and joining of the 60S ribosomal subunit",0.0147058823529412,15.3522507937972,13.9787610619469,0.00893707750755914,0.053786448118888,"1965, 6218"
"GO:0043627~response to estrogen",0.0123456790123457,14.6227062860613,13.8561403508772,0.0697654925196325,0.13265554519675,"3320"
"GO:0007052~mitotic spindle organization",0.0123456790123457,14.6227062860613,13.8561403508772,0.0697654925196325,0.13265554519675,"4134"
"GO:0034644~cellular response to UV",0.0123456790123457,14.6227062860613,13.8561403508772,0.0697654925196325,0.13265554519675,"1965"
"GO:0003743~translation initiation factor activity",0.0123456790123457,14.6227062860613,13.8561403508772,0.0697654925196325,0.13265554519675,"1965"
"R-HSA-168643~Nucleotide-binding domain, leucine rich repeat containing receptor (NLR) signaling pathways",0.0123456790123457,14.6227062860613,13.8561403508772,0.0697654925196325,0.13265554519675,"7295"
"hsa01212_Fatty_acid_metabolism",0.0123456790123457,14.6227062860613,13.8561403508772,0.0697654925196325,0.13265554519675,"31"
"hsa04141_Protein_processing_in_endoplasmic_reticulum",0.0155440414507772,15.8606138118676,13.8561403508772,0.00127594433204903,0.0473758143823298,"1965, 3320, 9632"
"GO:0004722~protein serine/threonine phosphatase activity",0.0121951219512195,14.3662548914442,13.6172413793103,0.0709467126886191,0.134124044736986,"5537"
"GO:0001786~phosphatidylserine binding",0.0121951219512195,14.3662548914442,13.6172413793103,0.0709467126886191,0.134124044736986,"950"
"GO:0010507~negative regulation of autophagy",0.0120481927710843,14.118768747526,13.3864406779661,0.0721264928573994,0.135573006631673,"11180"
"R-HSA-5218859~Regulated Necrosis",0.0120481927710843,14.118768747526,13.3864406779661,0.0721264928573994,0.135573006631673,"3320"
"R-HSA-3371497~HSP90 chaperone cycle for steroid hormone receptors (SHR) in the presence of ligand",0.0119047619047619,13.8797767987988,13.1633333333333,0.0733048347083879,0.137394204482007,"3320"
"R-HSA-72737~Cap-dependent Translation Initiation",0.013986013986014,14.4390697184024,13.1633333333333,0.0100295556024912,0.0565514212022939,"1965, 6218"
"R-HSA-72613~Eukaryotic Translation Initiation",0.013986013986014,14.4390697184024,13.1633333333333,0.0100295556024912,0.0565514212022939,"1965, 6218"
"hsa04152_AMPK_signaling_pathway",0.0137931034482759,14.1979131226512,12.9475409836066,0.0103521059884541,0.0570670716674446,"1938, 31"
"R-HSA-2029482~Regulation of actin dynamics for phagocytic cup formation",0.0116279069767442,13.4255229987163,12.7387096774194,0.0756572101772474,0.140598101632505,"3320"
"WP5362:TAR syndrome",0.0116279069767442,13.4255229987163,12.7387096774194,0.0756572101772474,0.140598101632505,"7295"
"WP5402:10q22q23 copy number variation",0.0116279069767442,13.4255229987163,12.7387096774194,0.0756572101772474,0.140598101632505,"10771"
"R-HSA-9705671~SARS-CoV-2 activates/modulates innate and adaptive immune responses",0.0135135135135135,13.85096740078,12.6368,0.010844521762776,0.0592833856365087,"3320, 9632"
"R-HSA-163841~Gamma carboxylation, hypusinylation, hydroxylation, and arylsulfatase activation",0.0114942528735632,13.1988078113679,12.5365079365079,0.0768312471505526,0.142376548391984,"1938"
"GO:0016197~endosomal transport",0.0113636363636364,12.9899372689822,12.340625,0.07800385251694,0.144142330284824,"23023"
"GO:0006986~response to unfolded protein",0.0112359550561798,12.7875751173412,12.1507692307692,0.0791750279494421,0.145080498141994,"3320"
"GO:0000281~mitotic cytokinesis",0.0112359550561798,12.7875751173412,12.1507692307692,0.0791750279494421,0.145080498141994,"10899"
"GO:0000149~SNARE binding",0.0112359550561798,12.7875751173412,12.1507692307692,0.0791750279494421,0.145080498141994,"9632"
"GO:0051289~protein homotetramerization",0.0111111111111111,12.5913998356873,11.9666666666667,0.080344775119222,0.145597161542016,"31"
"R-HSA-9614085~FOXO-mediated transcription",0.0111111111111111,12.5913998356873,11.9666666666667,0.080344775119222,0.145597161542016,"7295"
"R-HSA-373755~Semaphorin interactions",0.0111111111111111,12.5913998356873,11.9666666666667,0.080344775119222,0.145597161542016,"3320"
"KW-0153~Cholesterol metabolism",0.0111111111111111,12.5913998356873,11.9666666666667,0.080344775119222,0.145597161542016,"3069"
"R-HSA-196854~Metabolism of vitamins and cofactors",0.0133928571428571,13.3652595155511,11.729702970297,0.00205520618107233,0.0473758143823298,"26020, 31, 3320"
"R-HSA-9705683~SARS-CoV-2-host interactions",0.0133333333333333,13.2980320859775,11.671921182266,0.00208429673536831,0.0473758143823298,"3320, 6218, 9632"
"WP5224:2q37 copy number variation syndrome",0.0125786163522013,12.7028722154068,11.6147058823529,0.012737046753597,0.0646775302208982,"3069, 4134"
"R-HSA-168273~Influenza Viral RNA Transcription and Replication",0.0125,12.6081897244901,11.5299270072993,0.0129157872849659,0.0646775302208982,"3320, 6218"
"WP2380:Brain derived neurotrophic factor BDNF signaling",0.0125,12.6081897244901,11.5299270072993,0.0129157872849659,0.0646775302208982,"1938, 1965"
"GO:0043124~negative regulation of canonical NF-kappaB signal transduction",0.010752688172043,12.035047764439,11.4463768115942,0.083845463735839,0.150692121125234,"10771"
"R-HSA-8852276~The role of GTSE1 in G2/M progression after G2 checkpoint",0.010752688172043,12.035047764439,11.4463768115942,0.083845463735839,0.150692121125234,"3320"
"GO:0097110~scaffold protein binding",0.0106382978723404,11.8601321730946,11.2828571428571,0.0850095145290191,0.151128025829367,"3320"
"WP2880:Glucocorticoid receptor pathway",0.0106382978723404,11.8601321730946,11.2828571428571,0.0850095145290191,0.151128025829367,"3320"
"WP5130:Th17 cell differentiation pathway",0.0106382978723404,11.8601321730946,11.2828571428571,0.0850095145290191,0.151128025829367,"3320"
"hsa05418_Fluid_shear_stress_and_atherosclerosis",0.0122699386503067,12.3323746040477,11.2828571428571,0.0134586159019771,0.0668852426643709,"3320, 7295"
"WP2884:NRF2 pathway",0.0121951219512195,12.2430814878389,11.2028368794326,0.0136417516499137,0.0672856321980704,"3320, 7295"
"GO:0051865~protein autoubiquitination",0.0105263157894737,11.6902140097769,11.1239436619718,0.0861721453873049,0.151146864636556,"9921"
"R-HSA-380259~Loss of Nlp from mitotic centrosomes",0.0105263157894737,11.6902140097769,11.1239436619718,0.0861721453873049,0.151146864636556,"3320"
"R-HSA-380284~Loss of proteins required for interphase microtubule organization from the centrosome",0.0105263157894737,11.6902140097769,11.1239436619718,0.0861721453873049,0.151146864636556,"3320"
"WP2034:Leptin signaling",0.0105263157894737,11.6902140097769,11.1239436619718,0.0861721453873049,0.151146864636556,"31"
"GO:0006909~phagocytosis",0.0104166666666667,11.5250815357593,10.9694444444444,0.08733335797068,0.151964675938372,"23184"
"GO:0035064~methylated histone binding",0.0104166666666667,11.5250815357593,10.9694444444444,0.08733335797068,0.151964675938372,"10771"
"WP2572:Primary focal segmental glomerulosclerosis FSGS ",0.0104166666666667,11.5250815357593,10.9694444444444,0.08733335797068,0.151964675938372,"950"
"KW-1183~Host cell receptor for virus entry",0.0103092783505155,11.3645347950884,10.8191780821918,0.0884931539372704,0.153575420589549,"950"
"GO:0002244~hematopoietic progenitor cell differentiation",0.0102040816326531,11.2083848352132,10.672972972973,0.0896515349433483,0.153956562625226,"1938"
"R-HSA-174824~Plasma lipoprotein assembly, remodeling, and clearance",0.0102040816326531,11.2083848352132,10.672972972973,0.0896515349433483,0.153956562625226,"3069"
"R-HSA-8854518~AURKA Activation by TPX2",0.0102040816326531,11.2083848352132,10.672972972973,0.0896515349433483,0.153956562625226,"3320"
"KW-1207~Sterol metabolism",0.0102040816326531,11.2083848352132,10.672972972973,0.0896515349433483,0.153956562625226,"3069"
"KW-0648~Protein biosynthesis",0.0116279069767442,11.5724578920463,10.6013422818792,0.0151459027896773,0.0694805051050931,"1938, 1965"
"GO:0006898~receptor-mediated endocytosis",0.0101010101010101,11.0579352833784,10.5306666666667,0.0908085026433338,0.155536234292499,"950"
"GO:0042274~ribosomal small subunit biogenesis",0.01,10.9100785114787,10.3921052631579,0.0919640586897964,0.155887396642135,"6218"
"GO:0009966~regulation of signal transduction",0.01,10.9100785114787,10.3921052631579,0.0919640586897964,0.155887396642135,"10771"
"R-HSA-9009391~Extra-nuclear estrogen signaling",0.01,10.9100785114787,10.3921052631579,0.0919640586897964,0.155887396642135,"3320"
"KW-0511~Multifunctional enzyme",0.01,10.9100785114787,10.3921052631579,0.0919640586897964,0.155887396642135,"31"
"R-HSA-8957322~Metabolism of steroids",0.0113636363636364,11.2650889262972,10.3241830065359,0.0159237301721105,0.0720411516752035,"31, 9632"
"GO:0045727~positive regulation of translation",0.00980392156862745,10.6258405082403,10.125641025641,0.0942709424231892,0.159385923272196,"1938"
"R-HSA-9711097~Cellular response to starvation",0.0111111111111111,10.9721597312099,10.0611464968153,0.0167184879103993,0.0736062286524963,"1965, 6218"
"GO:0006470~protein dephosphorylation",0.00970873786407767,10.4891390625326,9.99746835443038,0.0954222734060245,0.160505157318851,"5537"
"R-HSA-9833482~PKR-mediated signaling",0.00970873786407767,10.4891390625326,9.99746835443038,0.0954222734060245,0.160505157318851,"1965"
"R-HSA-168255~Influenza Infection",0.0110497237569061,10.902689486076,9.99746835443038,0.0169198019914938,0.0739539147049208,"3320, 6218"
"GO:0000082~G1/S transition of mitotic cell cycle",0.00952380952380952,10.2216879380291,9.75061728395062,0.0977207218299118,0.161201222169095,"5537"
"GO:0045732~positive regulation of protein catabolic process",0.00952380952380952,10.2216879380291,9.75061728395062,0.0977207218299118,0.161201222169095,"3320"
"GO:0001618~virus receptor activity",0.00952380952380952,10.2216879380291,9.75061728395062,0.0977207218299118,0.161201222169095,"950"
"R-HSA-199977~ER to Golgi Anterograde Transport",0.0108108108108108,10.6237608168178,9.75061728395062,0.0177354744842227,0.0741049124945866,"5537, 9632"
"hsa04612_Antigen_processing_and_presentation",0.00952380952380952,10.2216879380291,9.75061728395062,0.0977207218299118,0.161201222169095,"3320"
"GO:0006457~protein folding",0.0106951871657754,10.4923008952461,9.63170731707317,0.0181495221542104,0.0744179062411505,"23184, 3320"
"GO:0000049~tRNA binding",0.00943396226415094,10.0961194792206,9.63170731707317,0.0988678425558199,0.161201222169095,"11180"
"R-HSA-5628897~TP53 Regulates Metabolic Genes",0.00943396226415094,10.0961194792206,9.63170731707317,0.0988678425558199,0.161201222169095,"7295"
"R-HSA-380270~Recruitment of mitotic centrosome proteins and complexes",0.00943396226415094,10.0961194792206,9.63170731707317,0.0988678425558199,0.161201222169095,"3320"
"R-HSA-380287~Centrosome maturation",0.00943396226415094,10.0961194792206,9.63170731707317,0.0988678425558199,0.161201222169095,"3320"
"GO:0180005~RNA polymerase II CTD heptapeptide repeat T4 phosphatase activity",0.00934579439252336,9.97323408426241,9.51566265060241,0.100013563144545,0.161201222169095,"5537"
"GO:0180008~RNA polymerase II CTD heptapeptide repeat S7 phosphatase activity",0.00934579439252336,9.97323408426241,9.51566265060241,0.100013563144545,0.161201222169095,"5537"
"GO:0140791~histone H2AXS140 phosphatase activity",0.00934579439252336,9.97323408426241,9.51566265060241,0.100013563144545,0.161201222169095,"5537"
"GO:1990439~MAP kinase serine/threonine phosphatase activity",0.00934579439252336,9.97323408426241,9.51566265060241,0.100013563144545,0.161201222169095,"5537"
"GO:0033192~calmodulin-dependent protein phosphatase activity",0.00934579439252336,9.97323408426241,9.51566265060241,0.100013563144545,0.161201222169095,"5537"
"GO:0180004~RNA polymerase II CTD heptapeptide repeat Y1 phosphatase activity",0.00934579439252336,9.97323408426241,9.51566265060241,0.100013563144545,0.161201222169095,"5537"
"GO:0180007~RNA polymerase II CTD heptapeptide repeat S5 phosphatase activity",0.00934579439252336,9.97323408426241,9.51566265060241,0.100013563144545,0.161201222169095,"5537"
"GO:0180006~RNA polymerase II CTD heptapeptide repeat S2 phosphatase activity",0.00934579439252336,9.97323408426241,9.51566265060241,0.100013563144545,0.161201222169095,"5537"
"R-HSA-168928~DDX58/IFIH1-mediated induction of interferon-alpha/beta",0.00934579439252336,9.97323408426241,9.51566265060241,0.100013563144545,0.161201222169095,"3320"
"GO:0098586~cellular response to virus",0.00917431192660551,9.73558636917194,9.29176470588235,0.102300810459964,0.163513675517312,"3320"
"GO:0001503~ossification",0.00917431192660551,9.73558636917194,9.29176470588235,0.102300810459964,0.163513675517312,"23184"
"WP4018:Clear cell renal cell carcinoma pathways",0.00917431192660551,9.73558636917194,9.29176470588235,0.102300810459964,0.163513675517312,"31"
"GO:0008203~cholesterol metabolic process",0.00909090909090909,9.6207729327428,9.18372093023256,0.103442340456836,0.163513675517312,"3069"
"GO:0017018~myosin phosphatase activity",0.00909090909090909,9.6207729327428,9.18372093023256,0.103442340456836,0.163513675517312,"5537"
"R-HSA-2029480~Fcgamma receptor (FCGR) dependent phagocytosis",0.00909090909090909,9.6207729327428,9.18372093023256,0.103442340456836,0.163513675517312,"3320"
"R-HSA-9759194~Nuclear events mediated by NFE2L2",0.00909090909090909,9.6207729327428,9.18372093023256,0.103442340456836,0.163513675517312,"7295"
"WP15:Selenium micronutrient network",0.00909090909090909,9.6207729327428,9.18372093023256,0.103442340456836,0.163513675517312,"7295"
"GO:0019903~protein phosphatase binding",0.00892857142857143,9.39692041528312,8.975,0.105721221290632,0.165916557814963,"3320"
"R-HSA-2565942~Regulation of PLK1 Activity at G2/M Transition",0.00892857142857143,9.39692041528312,8.975,0.105721221290632,0.165916557814963,"3320"
"WP477:Cytoplasmic ribosomal proteins",0.00892857142857143,9.39692041528312,8.975,0.105721221290632,0.165916557814963,"6218"
"R-HSA-382556~ABC-family proteins mediated transport",0.0087719298245614,9.18819426824289,8.77555555555556,0.107994540772163,0.168276529089165,"1965"
"R-HSA-3371556~Cellular response to heat stress",0.0087719298245614,9.18819426824289,8.77555555555556,0.107994540772163,0.168276529089165,"3320"
"R-HSA-192823~Viral mRNA Translation",0.0087719298245614,9.18819426824289,8.77555555555556,0.107994540772163,0.168276529089165,"6218"
"GO:0002181~cytoplasmic translation",0.00869565217391304,9.0851615461817,8.67912087912088,0.109129119071867,0.169240430522801,"6218"
"R-HSA-9663891~Selective autophagy",0.00869565217391304,9.0851615461817,8.67912087912088,0.109129119071867,0.169240430522801,"3320"
"GO:0032880~regulation of protein localization",0.00847457627118644,8.79024255462056,8.40212765957447,0.112524547680058,0.172467531023641,"3320"
"R-HSA-72764~Eukaryotic Translation Termination",0.00847457627118644,8.79024255462056,8.40212765957447,0.112524547680058,0.172467531023641,"6218"
"R-HSA-2408557~Selenocysteine synthesis",0.00847457627118644,8.79024255462056,8.40212765957447,0.112524547680058,0.172467531023641,"6218"
"hsa04621_NOD-like_receptor_signaling_pathway",0.00947867298578199,9.12892036283337,8.40212765957447,0.0234326723645748,0.0825909954673361,"3320, 7295"
"WP2806:Complement system",0.00840336134453781,8.69626686292045,8.31368421052632,0.113653593851144,0.173387808293838,"7295"
"hsa04657_IL-17_signaling_pathway",0.00840336134453781,8.69626686292045,8.31368421052632,0.113653593851144,0.173387808293838,"3320"
"R-HSA-975956~Nonsense Mediated Decay (NMD) independent of the Exon Junction Complex (EJC)",0.00833333333333333,8.60429944028774,8.22708333333333,0.114781261034539,0.174701872943522,"6218"
"R-HSA-948021~Transport to the Golgi and subsequent modification",0.00925925925925926,8.88749336730564,8.18445595854922,0.0246044376833064,0.0845437820509393,"5537, 9632"
"GO:0034976~response to endoplasmic reticulum stress",0.00826446280991736,8.51426356672618,8.14226804123711,0.11590755084441,0.175601277953655,"1965"
"R-HSA-4420097~VEGFA-VEGFR2 Pathway",0.00826446280991736,8.51426356672618,8.14226804123711,0.11590755084441,0.175601277953655,"3320"
"R-HSA-72766~Translation",0.00952380952380952,9.13054063992703,8.08668941979522,0.00584141993524657,0.0487395947790613,"1938, 1965, 6218"
"R-HSA-15869~Metabolism of nucleotides",0.00819672131147541,8.42411423909967,8.05918367346939,0.117032464893111,0.176490337861795,"7295"
"hsa05215_Prostate_cancer",0.00819672131147541,8.42411423909967,8.05918367346939,0.117032464893111,0.176490337861795,"3320"
"R-HSA-5620912~Anchoring of the basal body to the plasma membrane",0.00813008130081301,8.33947198061726,7.97777777777778,0.118156004791196,0.176561137000056,"3320"
"R-HSA-380320~Recruitment of NuMA to mitotic centrosomes",0.00813008130081301,8.33947198061726,7.97777777777778,0.118156004791196,0.176561137000056,"3320"
"KW-0931~ER-Golgi transport",0.00813008130081301,8.33947198061726,7.97777777777778,0.118156004791196,0.176561137000056,"9632"
"R-HSA-9694516~SARS-CoV-2 Infection",0.00934579439252336,8.94520419835497,7.92441471571906,0.00617805222103371,0.0487395947790613,"3320, 6218, 9632"
"R-HSA-9692914~SARS-CoV-1-host interactions",0.00806451612903226,8.2549525440957,7.898,0.119278172147412,0.177028237395254,"6218"
"KW-0346~Stress response",0.00806451612903226,8.2549525440957,7.898,0.119278172147412,0.177028237395254,"3320"
"WP5287:17q12 copy number variation syndrome",0.00806451612903226,8.2549525440957,7.898,0.119278172147412,0.177028237395254,"31"
"GO:0034599~cellular response to oxidative stress",0.008,8.17068836322393,7.81980198019802,0.120398968568706,0.177886764371781,"1965"
"R-HSA-9679191~Potential therapeutics for SARS",0.008,8.17068836322393,7.81980198019802,0.120398968568706,0.177886764371781,"3320"
"R-HSA-72689~Formation of a pool of free 40S subunits",0.00793650793650794,8.09086604617054,7.74313725490196,0.121518395660224,0.17913723045642,"6218"
"KW-0753~Steroid metabolism",0.0078740157480315,8.01117111406659,7.66796116504854,0.122636455025315,0.180380077346652,"3069"
"GO:0051087~protein-folding chaperone binding",0.0078125,7.93302887095801,7.59423076923077,0.123753148265533,0.180404589471533,"950"
"KW-0819~tRNA processing",0.0078125,7.93302887095801,7.59423076923077,0.123753148265533,0.180404589471533,"11180"
"WP4932:7q11 23 copy number variation syndrome",0.0078125,7.93302887095801,7.59423076923077,0.123753148265533,0.180404589471533,"31"
"hsa04137_Mitophagy",0.0078125,7.93302887095801,7.59423076923077,0.123753148265533,0.180404589471533,"1965"
"R-HSA-2187338~Visual phototransduction",0.00775193798449612,7.85639711673792,7.52190476190476,0.124868476980638,0.1816268756082,"26020"
"GO:0046718~symbiont entry into host cell",0.00769230769230769,7.78123521757415,7.45094339622641,0.125982442768595,0.182214852264089,"950"
"hsa04922_Glucagon_signaling_pathway",0.00769230769230769,7.78123521757415,7.45094339622641,0.125982442768595,0.182214852264089,"31"
"GO:0045296~cadherin binding",0.00879765395894428,8.370696031213,7.42758620689655,0.00738350211114658,0.0517543663674018,"1938, 23042, 3069"
"R-HSA-8856825~Cargo recognition for clathrin-mediated endocytosis",0.00763358778625954,7.70750388853385,7.38130841121495,0.127095047225583,0.18283848899119,"950"
"R-HSA-163685~Integration of energy metabolism",0.00763358778625954,7.70750388853385,7.38130841121495,0.127095047225583,0.18283848899119,"31"
"R-HSA-194138~Signaling by VEGF",0.00757575757575758,7.63516503437335,7.31296296296296,0.12820629194599,0.183231650362897,"3320"
"WP5353:Macrophage stimulating protein MSP signaling",0.00757575757575758,7.63516503437335,7.31296296296296,0.12820629194599,0.183231650362897,"31"
"hsa05417_Lipid_and_atherosclerosis",0.00836820083682008,7.92361643724093,7.31296296296296,0.0302959014286068,0.091585766530719,"1965, 3320"
"R-HSA-6785807~Interleukin-4 and Interleukin-13 signaling",0.0075187969924812,7.56418163466265,7.24587155963303,0.12931617852242,0.183617777295904,"3320"
"KW-0249~Electron transport",0.0075187969924812,7.56418163466265,7.24587155963303,0.12931617852242,0.183617777295904,"7295"
"hsa04659_Th17_cell_differentiation",0.0075187969924812,7.56418163466265,7.24587155963303,0.12931617852242,0.183617777295904,"3320"
"GO:0003690~double-stranded DNA binding",0.00746268656716418,7.49451766233473,7.18,0.130424708545691,0.184393553461149,"10771"
"WP4874:CAMKK2 pathway",0.00746268656716418,7.49451766233473,7.18,0.130424708545691,0.184393553461149,"31"
"hsa04914_Progesterone-mediated_oocyte_maturation",0.00740740740740741,7.42613802709326,7.11531531531532,0.131531883604838,0.185558958375857,"3320"
"R-HSA-9755511~KEAP1-NFE2L2 pathway",0.00735294117647059,7.3590085369883,7.05178571428571,0.132637705287118,0.186317633122803,"7295"
"WP5426:HDAC6 interactions in the central nervous system",0.00735294117647059,7.3590085369883,7.05178571428571,0.132637705287118,0.186317633122803,"3320"
"GO:0007005~mitochondrion organization",0.0072992700729927,7.29309587296816,6.98938053097345,0.133742175178006,0.187067946517638,"55186"
"R-HSA-1799339~SRP-dependent cotranslational protein targeting to membrane",0.0072992700729927,7.29309587296816,6.98938053097345,0.133742175178006,0.187067946517638,"6218"
"KW-0143~Chaperone",0.008,7.53263053339204,6.95859030837004,0.033186776266843,0.0935379978438469,"23184, 3320"
"R-HSA-157579~Telomere Maintenance",0.0072463768115942,7.22836757241001,6.9280701754386,0.134845294861205,0.18820960304032,"5537"
"GO:0051082~unfolded protein binding",0.00719424460431655,7.16479201858018,6.86782608695652,0.135947065918638,0.189344533423836,"3320"
"R-HSA-975957~Nonsense Mediated Decay (NMD) enhanced by the Exon Junction Complex (EJC)",0.00714285714285714,7.10233843372575,6.80862068965517,0.137047489930458,0.190070091742876,"6218"
"R-HSA-927802~Nonsense-Mediated Decay (NMD)",0.00714285714285714,7.10233843372575,6.80862068965517,0.137047489930458,0.190070091742876,"6218"
"GO:0001764~neuron migration",0.00704225352112676,6.97770525715975,6.69322033898305,0.139244303129017,0.192303711268706,"3320"
"R-HSA-2408522~Selenoamino acid metabolism",0.00704225352112676,6.97770525715975,6.69322033898305,0.139244303129017,0.192303711268706,"6218"
"GO:0010976~positive regulation of neuron projection development",0.00699300699300699,6.91849148548555,6.63697478991597,0.140340695467213,0.193410706358176,"950"
"GO:0006888~endoplasmic reticulum to Golgi vesicle-mediated transport",0.00694444444444444,6.86028359573538,6.58166666666667,0.141435747062715,0.194104288855944,"9632"
"R-HSA-9820952~Respiratory Syncytial Virus Infection Pathway",0.00694444444444444,6.86028359573538,6.58166666666667,0.141435747062715,0.194104288855944,"3320"
"GO:0003729~mRNA binding",0.00743494423791822,6.93824735753808,6.42113821138211,0.0384250942020394,0.0972463773717518,"3069, 3320"
"hsa05132_Salmonella_infection",0.0072992700729927,6.79781759338387,6.29322709163347,0.0398534982165831,0.0986562069059567,"3320, 7295"
"R-HSA-2559580~Oxidative Stress Induced Senescence",0.00666666666666667,6.52983378980363,6.26825396825397,0.147977988909656,0.202658790657065,"7295"
"GO:0042826~histone deacetylase binding",0.00662251655629139,6.47768657348902,6.21889763779528,0.149063699204638,0.203720388913005,"3320"
"GO:0031175~neuron projection development",0.00657894736842105,6.42636005672767,6.1703125,0.150148081278238,0.204124735672031,"4134"
"GO:0003712~transcription coregulator activity",0.00657894736842105,6.42636005672767,6.1703125,0.150148081278238,0.204124735672031,"55249"
"R-HSA-196849~Metabolism of water-soluble vitamins and cofactors",0.0065359477124183,6.37583507876952,6.12248062015504,0.151231136687732,0.204551805499283,"31"
"WP4217:Ebola virus infection in host",0.0065359477124183,6.37583507876952,6.12248062015504,0.151231136687732,0.204551805499283,"1965"
"KW-0254~Endocytosis",0.00649350649350649,6.32609307571257,6.07538461538462,0.15231286698865,0.205591030338589,"26020"
"R-HSA-2132295~MHC class II antigen presentation",0.00645161290322581,6.27711605648992,6.02900763358779,0.153393273734777,0.206200794200848,"9632"
"hsa04142_Lysosome",0.00636942675159236,6.18138773327243,5.93834586466165,0.155550122769088,0.2086725573344,"950"
"GO:0000278~mitotic cell cycle",0.00632911392405063,6.13462334278776,5.89402985074627,0.156626568156135,0.209260750937728,"10899"
"KW-0810~Translation regulation",0.00632911392405063,6.13462334278776,5.89402985074627,0.156626568156135,0.209260750937728,"1965"
"hsa03010_Ribosome",0.00628930817610063,6.08854638648434,5.85037037037037,0.157701696186123,0.210268928248164,"6218"
"hsa05012_Parkinson_disease",0.0068259385665529,6.30982695295718,5.85037037037037,0.0454634072401181,0.107772291852701,"1965, 7295"
"WP4630:Measles virus infection",0.00625,6.04315238985971,5.80735294117647,0.158775508404142,0.211271264732489,"1965"
"GO:0006364~rRNA processing",0.0062111801242236,5.99842624956043,5.76496350364963,0.159848006353548,0.211411879370821,"6218"
"hsa04210_Apoptosis",0.0062111801242236,5.99842624956043,5.76496350364963,0.159848006353548,0.211411879370821,"1965"
"hsa04910_Insulin_signaling_pathway",0.00617283950617284,5.954353300286,5.7231884057971,0.160919191575965,0.212400381637491,"31"
"hsa04915_Estrogen_signaling_pathway",0.00613496932515337,5.91091929983013,5.68201438848921,0.161989065611289,0.212529654082011,"3320"
"hsa05162_Measles",0.00613496932515337,5.91091929983013,5.68201438848921,0.161989065611289,0.212529654082011,"1965"
"R-HSA-9679506~SARS-CoV Infections",0.00680272108843537,6.32621889974697,5.65489260143198,0.0154328999441155,0.0703054330787486,"3320, 6218, 9632"
"R-HSA-211000~Gene Silencing by RNA",0.00609756097560976,5.86811041469478,5.64142857142857,0.163057629997687,0.213504601354256,"3320"
"KW-0540~Nuclease",0.00606060606060606,5.82591320624306,5.60141843971631,0.1641248862716,0.214047565395963,"9797"
"WP2853:Endoderm differentiation",0.00606060606060606,5.82591320624306,5.60141843971631,0.1641248862716,0.214047565395963,"31"
"GO:0044325~transmembrane transporter binding",0.00602409638554217,5.78431461736136,5.56197183098592,0.165190835967744,0.21458453147493,"3320"
"R-HSA-73886~Chromosome Maintenance",0.00602409638554217,5.78431461736136,5.56197183098592,0.165190835967744,0.21458453147493,"5537"
"KW-0904~Protein phosphatase",0.00598802395209581,5.74330195960465,5.52307692307692,0.166255480619114,0.215115572556487,"5537"
"hsa04936_Alcoholic_liver_disease",0.00598802395209581,5.74330195960465,5.52307692307692,0.166255480619114,0.215115572556487,"31"
"WP3888:VEGFA VEGFR2 signaling",0.00662251655629139,6.14508268663736,5.49744779582367,0.0166342045838237,0.0736062286524963,"31, 3320, 7295"
"R-HSA-1632852~Macroautophagy",0.00595238095238095,5.70286290080224,5.48472222222222,0.167318821756984,0.216065250142877,"3320"
"GO:0000226~microtubule cytoskeleton organization",0.00591715976331361,5.6629854531038,5.44689655172414,0.168380860910908,0.216584009328541,"4134"
"R-HSA-9678108~SARS-CoV-1 Infection",0.00591715976331361,5.6629854531038,5.44689655172414,0.168380860910908,0.216584009328541,"6218"
"WP2857:Mesodermal commitment pathway",0.00588235294117647,5.62365796144735,5.40958904109589,0.169441599608726,0.217521896953667,"31"
"R-HSA-8856828~Clathrin-mediated endocytosis",0.00581395348837209,5.54735680773648,5.33648648648649,0.171559181738821,0.219810201602865,"950"
"R-HSA-9018519~Estrogen-dependent gene expression",0.00571428571428571,5.43565496068199,5.23046357615894,0.174725839610605,0.223431093147284,"3320"
"WP3932:Focal adhesion PI3K Akt mTOR signaling",0.00613496932515337,5.60940607111623,5.21320132013201,0.055854879429194,0.118196131953391,"31, 3320"
"GO:0008283~cell population proliferation",0.00561797752808989,5.32831746453403,5.12857142857143,0.177880875546913,0.225269989109604,"55249"
"R-HSA-1169410~Antiviral mechanism by IFN-stimulated genes",0.00561797752808989,5.32831746453403,5.12857142857143,0.177880875546913,0.225269989109604,"1965"
"WP4396:Nonalcoholic fatty liver disease",0.00561797752808989,5.32831746453403,5.12857142857143,0.177880875546913,0.225269989109604,"1965"
"hsa04921_Oxytocin_signaling_pathway",0.00561797752808989,5.32831746453403,5.12857142857143,0.177880875546913,0.225269989109604,"1938"
"GO:0042127~regulation of cell population proliferation",0.00558659217877095,5.29346376161051,5.09548387096774,0.178929978610122,0.226161976817418,"10899"
"hsa04932_Non-alcoholic_fatty_liver_disease",0.00555555555555556,5.25905778416836,5.06282051282051,0.179977796401585,0.226613117925988,"1965"
"WP2882:Nuclear receptors meta pathway",0.00593471810089021,5.40800373741808,5.03057324840764,0.059490317454585,0.121955150781899,"3320, 7295"
"R-HSA-446203~Asparagine N-linked glycosylation",0.00591715976331361,5.39045470659264,5.01460317460317,0.059824875103483,0.122258934790919,"5537, 9632"
"KW-0436~Ligase",0.00549450549450549,5.19142394555569,4.99873417721519,0.18206958220387,0.227504717646609,"31"
"GO:0007605~sensory perception of sound",0.00546448087431694,5.15819660097098,4.96729559748428,0.183113553227758,0.227504717646609,"950"
"R-HSA-9612973~Autophagy",0.00546448087431694,5.15819660097098,4.96729559748428,0.183113553227758,0.227504717646609,"3320"
"R-HSA-9010553~Regulation of expression of SLITs and ROBOs",0.00546448087431694,5.15819660097098,4.96729559748428,0.183113553227758,0.227504717646609,"6218"
"KW-0112~Calmodulin-binding",0.00546448087431694,5.15819660097098,4.96729559748428,0.183113553227758,0.227504717646609,"8721"
"hsa04217_Necroptosis",0.00546448087431694,5.15819660097098,4.96729559748428,0.183113553227758,0.227504717646609,"3320"
"hsa05160_Hepatitis_C",0.00546448087431694,5.15819660097098,4.96729559748428,0.183113553227758,0.227504717646609,"1965"
"GO:0003735~structural constituent of ribosome",0.00540540540540541,5.09278156922341,4.9055900621118,0.185197659041002,0.22922578175641,"6218"
"R-HSA-2262752~Cellular responses to stress",0.00606060606060606,5.911034436933,4.9055900621118,0.00299446566509946,0.0473758143823298,"1965, 3320, 6218, 7295, 9797"
"KW-0276~Fatty acid metabolism",0.00540540540540541,5.09278156922341,4.9055900621118,0.185197659041002,0.22922578175641,"31"
"GO:0003723~RNA binding",0.00613915416098226,7.13376827580364,4.90220689655172,4.20443979385903e-05,0.0137905625238576,"11180, 1938, 1965, 3069, 3320, 4134, 6218, 7295, 8721"
"R-HSA-9658195~Leishmania infection",0.00529100529100529,4.96695834397038,4.78666666666667,0.189350567734875,0.233046852596769,"7295"
"R-HSA-9824443~Parasitic Infection Pathways",0.00529100529100529,4.96695834397038,4.78666666666667,0.189350567734875,0.233046852596769,"7295"
"hsa04140_Autophagy",0.00520833333333333,4.87730788925286,4.70119047619048,0.192451906312862,0.236420319365614,"1965"
"KW-0444~Lipid biosynthesis",0.00518134715025907,4.84809647540536,4.67337278106509,0.193483152282224,0.23724289326568,"31"
"KW-0131~Cell cycle",0.00568181818181818,5.34041939100013,4.62547584187408,0.0100655797580581,0.0565514212022939,"10771, 10899, 11180, 5537"
"R-HSA-5653656~Vesicle-mediated transport",0.00565770862800566,5.31599226284694,4.60524781341108,0.0102178098559113,0.056804095470151,"3320, 5537, 950, 9632"
"KW-0456~Lyase",0.00510204081632653,4.76244274819505,4.59186046511628,0.196569310340955,0.2405773648949,"23042"
"hsa05164_Influenza_A",0.0050761421319797,4.73453977878732,4.56531791907514,0.197595508023552,0.241382966971044,"1965"
"KW-0445~Lipid transport",0.00505050505050505,4.70695420737967,4.53908045977011,0.198620447339893,0.242184039879126,"3069"
"R-HSA-8978868~Fatty acid metabolism",0.0050251256281407,4.67968167988083,4.51314285714286,0.199644129768819,0.242980610627727,"31"
"hsa05168_Herpes_simplex_virus_1_infection",0.00485436893203883,4.49745127051507,4.33956043956044,0.206774837797777,0.251193136287669,"1965"
"GO:0005198~structural molecule activity",0.00483091787439614,4.47244174469636,4.31584699453552,0.207788518166588,0.251957981362813,"4134"
"R-HSA-8953897~Cellular responses to stimuli",0.00534188034188034,5.16134124548961,4.31113537117904,0.00520214559693806,0.0480648945294558,"1965, 3320, 6218, 7295, 9797"
"R-HSA-6791226~Major pathway of rRNA processing in the nucleolus and cytosol",0.00476190476190476,4.39912100811684,4.24623655913978,0.210822103205983,0.254694842915515,"6218"
"KW-0689~Ribosomal protein",0.00476190476190476,4.39912100811684,4.24623655913978,0.210822103205983,0.254694842915515,"6218"
"GO:0004888~transmembrane signaling receptor activity",0.00471698113207547,4.35159376835036,4.20106382978723,0.212838294445477,0.25618701129584,"950"
"R-HSA-69275~G2/M Transition",0.00471698113207547,4.35159376835036,4.20106382978723,0.212838294445477,0.25618701129584,"3320"
"R-HSA-453274~Mitotic G2-G2/M phases",0.00467289719626168,4.30509300990847,4.15684210526316,0.214849540253846,0.257967124472722,"3320"
"GO:0005525~GTP binding",0.00491400491400491,4.40119334155326,4.11354166666667,0.0844130452265111,0.151128025829367,"1938, 3320"
"GO:0006897~endocytosis",0.0045662100456621,4.19312855651699,4.05025641025641,0.219856094746173,0.263185398090309,"26020"
"R-HSA-8868773~rRNA processing in the nucleus and cytosol",0.00454545454545455,4.17089522878342,4.02959183673469,0.220853721223479,0.26341825658655,"6218"
"KW-0879~Wnt signaling pathway",0.00454545454545455,4.17089522878342,4.02959183673469,0.220853721223479,0.26341825658655,"23184"
"R-HSA-9711123~Cellular response to chemical stress",0.00452488687782805,4.14973760947115,4.00913705583756,0.221850122930442,0.264126462145862,"7295"
"GO:0051897~positive regulation of phosphatidylinositol 3-kinase/protein kinase B signal transduction",0.0045045045045045,4.12859491873314,3.98888888888889,0.222845301308115,0.264351749833857,"7295"
"R-HSA-2559583~Cellular Senescence",0.0045045045045045,4.12859491873314,3.98888888888889,0.222845301308115,0.264351749833857,"7295"
"R-HSA-5357801~Programmed Cell Death",0.00448430493273543,4.10747595192324,3.96884422110553,0.223839257795928,0.2650515399172,"3320"
"GO:0016055~Wnt signaling pathway",0.00446428571428571,4.08638679394931,3.949,0.224831993831695,0.26526940279423,"23184"
"hsa05207_Chemical_carcinogenesis",0.00446428571428571,4.08638679394931,3.949,0.224831993831695,0.26526940279423,"3320"
"hsa05130_Pathogenic_Escherichia_coli_infection",0.00440528634361234,4.02539470518159,3.89064039408867,0.227802893580566,0.267811287076794,"9632"
"R-HSA-5663205~Infectious disease",0.00479386385426654,4.59212741254797,3.86021505376344,0.00825512147151319,0.053638602063611,"1938, 3320, 6218, 7295, 9632"
"GO:0006412~translation",0.00436681222707424,3.9855318336249,3.85268292682927,0.229777417440044,0.268688031801549,"6218"
"R-HSA-72312~rRNA processing",0.00434782608695652,3.96589304029793,3.83398058252427,0.230762860867066,0.269072731987869,"6218"
"GO:0003714~transcription corepressor activity",0.00432900432900433,3.94644577236984,3.81545893719807,0.231747093861503,0.269072731987869,"10771"
"R-HSA-5617833~Cilium Assembly",0.00432900432900433,3.94644577236984,3.81545893719807,0.231747093861503,0.269072731987869,"3320"
"R-HSA-376176~Signaling by ROBO receptors",0.00432900432900433,3.94644577236984,3.81545893719807,0.231747093861503,0.269072731987869,"6218"
"R-HSA-68877~Mitotic Prometaphase",0.00431034482758621,3.9271874200646,3.79711538461538,0.232730117848271,0.269736673689869,"3320"
"GO:0008289~lipid binding",0.00427350427350427,3.8892272628307,3.76095238095238,0.234692544490425,0.271053361242463,"3069"
"GO:0005516~calmodulin binding",0.00425531914893617,3.87052046746478,3.74312796208531,0.235671949987622,0.271229472266456,"8721"
"R-HSA-199991~Membrane Trafficking",0.00449101796407186,4.0452317744743,3.66780185758514,0.0469958442292538,0.109441405464775,"5537, 950, 9632"
"GO:0001701~in utero embryonic development",0.00404858299595142,3.65933271842173,3.54170403587444,0.247331360774958,0.282664412314237,"9632"
"R-HSA-8939211~ESR-mediated signaling",0.00404858299595142,3.65933271842173,3.54170403587444,0.247331360774958,0.282664412314237,"3320"
"R-HSA-9012999~RHO GTPase cycle",0.00419287211740042,3.70668473055021,3.47929515418502,0.111958649719044,0.172467531023641,"11180, 3320"
"KW-0945~Host-virus interaction",0.00421348314606742,3.7777850313217,3.43391304347826,0.0552447447950033,0.117778357828685,"10771, 3320, 950"
"GO:0051726~regulation of cell cycle",0.00384615384615385,3.4543580309034,3.34661016949153,0.259769667314763,0.294825089547551,"55249"
"hsa05171_Coronavirus_disease",0.00384615384615385,3.4543580309034,3.34661016949153,0.259769667314763,0.294825089547551,"6218"
"GO:0051607~defense response to virus",0.00383141762452107,3.43954549601395,3.33248945147679,0.260718242757745,0.294881322843242,"10771"
"GO:0050821~protein stabilization",0.00383141762452107,3.43954549601395,3.33248945147679,0.260718242757745,0.294881322843242,"3320"
"GO:0000976~transcription cis-regulatory region binding",0.00381679389312977,3.42485786060087,3.31848739495798,0.261665651202027,0.295443489136884,"9921"
"R-HSA-6798695~Neutrophil degranulation",0.00391389432485323,3.4409837945365,3.23688524590164,0.126106010560818,0.182214852264089,"1938, 3320"
"GO:0006325~chromatin organization",0.00371747211895911,3.32541270724883,3.22367346938776,0.268264949734235,0.301855586664937,"10771"
"GO:0019901~protein kinase binding",0.00389105058365759,3.41934139288644,3.21710794297352,0.127375257422047,0.182840632098168,"10899, 1938"
"GO:0042981~regulation of apoptotic process",0.0037037037037037,3.3116697898461,3.21056910569106,0.26920307159355,0.302392491379056,"3320"
"GO:0042803~protein homodimerization activity",0.00390117035110533,3.47758912088472,3.1718875502008,0.0669084008136653,0.131412906987319,"3320, 7295, 950"
"GO:0009410~response to xenobiotic stimulus",0.0036101083032491,3.21852138921888,3.12173913043478,0.275737669996044,0.308675616923899,"3320"
"GO:0006629~lipid metabolic process",0.00355871886120996,3.16757969439959,3.07315175097276,0.279446502671156,0.312294558351411,"26020"
"WP2059:Alzheimer 39 s disease and miRNA effects",0.00348432055749129,3.09408287277798,3.00304182509506,0.284975585331097,0.316854210130847,"1965"
"WP5124:Alzheimer 39 s disease",0.00348432055749129,3.09408287277798,3.00304182509506,0.284975585331097,0.316854210130847,"1965"
"R-HSA-5668914~Diseases of metabolism",0.00343642611683849,3.04693694266155,2.95805243445693,0.288638988071642,0.320384392851095,"31"
"R-HSA-422475~Axon guidance",0.00352733686067019,3.07650214528411,2.90367647058824,0.150293059953645,0.204124735672031,"3320, 6218"
"GO:0008017~microtubule binding",0.00335570469798658,2.967756766515,2.88248175182482,0.295006627992877,0.326899236424539,"4134"
"GO:0006886~intracellular protein transport",0.00334448160535117,2.95677576317418,2.872,0.295911811820116,0.327349323025288,"9632"
"R-HSA-9824446~Viral Infection Pathways",0.00352526439482961,3.11886074416,2.85814234016888,0.0855293478407046,0.151146864636556,"3320, 6218, 9632"
"hsa05020_Prion_disease",0.00332225913621262,2.93505258659872,2.85126353790614,0.297718833425745,0.328793863177254,"1965"
"R-HSA-913531~Interferon Signaling",0.00327868852459016,2.89253758987322,2.81067615658363,0.301319529297827,0.332211111293066,"1965"
"GO:0003713~transcription coactivator activity",0.00326797385620915,2.88209802291182,2.80070921985816,0.30221693023122,0.332514278367527,"8721"
"R-HSA-9675108~Nervous system development",0.00337837837837838,2.93704667406534,2.77609841827768,0.161391462428612,0.212529654082011,"3320, 6218"
"KW-0498~Mitosis",0.00316455696202532,2.78164909707249,2.70479452054795,0.311130292235531,0.34130680887376,"10899"
"R-HSA-9006931~Signaling by Nuclear Receptors",0.00311526479750779,2.73389452732132,2.65925925925926,0.315545882716985,0.345572786414595,"3320"
"KW-0687~Ribonucleoprotein",0.00308641975308642,2.70606657205365,2.63266666666667,0.31818218111292,0.347879184683459,"6218"
"GO:0031625~ubiquitin protein ligase binding",0.00305810397553517,2.6787894565935,2.60660066006601,0.320808729995039,0.35016726601788,"3320"
"R-HSA-1852241~Organelle biogenesis and maintenance",0.00304878048780488,2.66981664339003,2.59802631578947,0.321682085706907,0.350537289408191,"3320"
"R-HSA-1643685~Disease",0.00320855614973262,3.05949386856731,2.56012965964344,0.0251311547255079,0.0845437820509393,"1938, 31, 3320, 6218, 7295, 9632"
"KW-0156~Chromatin regulator",0.00294117647058824,2.56647598850238,2.49936708860759,0.33207862144699,0.360072025899546,"10771"
"GO:0003924~GTPase activity",0.00277777777777778,2.41078555985309,2.35059523809524,0.349067100213447,0.377868016072642,"1938"
"WP4172:PI3K Akt signaling",0.00275482093663912,2.38905958190825,2.32979351032448,0.351579317246395,0.379960514190503,"3320"
"R-HSA-1640170~Cell Cycle",0.00282087447108604,2.41984264627384,2.30262390670554,0.215103684583199,0.257967124472722,"3320, 5537"
"GO:0061630~ubiquitin protein ligase activity",0.00266666666666667,2.30579173329577,2.25014245014245,0.361535422595658,0.390077692800579,"9921"
"R-HSA-71291~Metabolism of amino acids and derivatives",0.00264550264550265,2.28584864239589,2.23107344632768,0.364001422717862,0.392093486540094,"6218"
"GO:0045893~positive regulation of DNA-templated transcription",0.00271739130434783,2.32462761381459,2.21542776998597,0.227789802878528,0.267811287076794,"8721, 9921"
"R-HSA-392499~Metabolism of proteins",0.00278035217794254,2.60356591201651,2.21542776998597,0.0467283711567005,0.109441405464775,"1938, 1965, 5537, 6218, 7295, 9632"
"R-HSA-194315~Signaling by Rho GTPases",0.002710027100271,2.31783261918339,2.20923076923077,0.228732400926572,0.268422996436192,"11180, 3320"
"KW-0010~Activator",0.0027027027027027,2.31107883545207,2.20306834030683,0.229675357668768,0.268688031801549,"7295, 8721"
"R-HSA-168249~Innate Immune System",0.00273224043715847,2.3697810136774,2.20204460966543,0.152990445371092,0.206081585551205,"1938, 3320, 7295"
"R-HSA-3700989~Transcriptional Regulation by TP53",0.00260416666666667,2.24687723802739,2.19388888888889,0.368906020214174,0.396725162722128,"7295"
"hsa04151_PI3K-Akt_signaling_pathway",0.00259067357512953,2.23414749706357,2.18176795580111,0.370532801978831,0.397822451879072,"3320"
"R-HSA-382551~Transport of small molecules",0.00266666666666667,2.27822430973733,2.17276478679505,0.234395261339591,0.271053361242463,"1965, 3069"
"R-HSA-1430728~Metabolism",0.00272108843537415,2.54063236867789,2.16779505946935,0.0511237486882759,0.114575237484182,"26020, 31, 3320, 6218, 7295, 9632"
"KW-0694~RNA-binding",0.00265957446808511,2.27170398874796,2.16680384087792,0.235340214428511,0.271229472266456,"1965, 3069"
"R-HSA-9716542~Signaling by Rho GTPases, Miro GTPases and RHOBTB3",0.0026525198938992,2.26522109856763,2.1608755129959,0.236285474573489,0.27145931929984,"11180, 3320"
"R-HSA-983169~Class I MHC mediated antigen processing & presentation",0.00255102040816327,2.19714373644954,2.14619565217391,0.3753890290717,0.402377782795809,"9632"
"hsa05014_Amyotrophic_lateral_sclerosis",0.00254452926208651,2.19105026530012,2.14037940379404,0.376194895525393,0.402583770741693,"1965"
"WP5420:ADHD and autism ASD pathways",0.00253164556962025,2.17896602886015,2.1288409703504,0.377803635068552,0.40364688046412,"31"
"GO:0019899~enzyme binding",0.00251889168765743,2.16701601501097,2.11742627345845,0.37940839135228,0.404702284109098,"950"
"KW-0443~Lipid metabolism",0.00259067357512953,2.2084881791973,2.10894526034713,0.244805447870536,0.280755898257118,"3069, 31"
"R-HSA-556833~Metabolism of lipids",0.00256410256410256,2.18401380389967,2.08665785997358,0.248598543666684,0.283618512426687,"31, 9632"
"GO:0051301~cell division",0.00242718446601942,2.08137940459528,2.03556701030928,0.391318047699799,0.416728310537448,"4134"
"hsa05010_Alzheimer_disease",0.00241545893719807,2.0704726560625,2.02512820512821,0.392889325770088,0.417723497091049,"1965"
"R-HSA-1280215~Cytokine Signaling in Immune system",0.00245098039215686,2.08078769679484,1.99192938209332,0.265702569308201,0.299486057502027,"1965, 3320"
"GO:0008285~negative regulation of cell population proliferation",0.0023696682464455,2.02783999973639,1.98442211055276,0.399135587241338,0.423677904903427,"11180"
"KW-0804~Transcription",0.00243013365735115,2.23211335937152,1.93420408163265,0.0806551991454058,0.145757054102992,"10771, 55249, 7295, 8721, 9328, 9921"
"R-HSA-68886~M Phase",0.00229885057471264,1.9623075425871,1.92165450121654,0.409154385964855,0.433021674691426,"3320"
"KW-0813~Transport",0.00240963855421687,2.15476686580352,1.92165450121654,0.111502123545438,0.172467531023641,"23023, 3069, 55186, 7295, 9632"
"GO:0016887~ATP hydrolysis activity",0.00229357798165138,1.95743289214181,1.91699029126214,0.409918384120999,0.433021674691426,"3320"
"KW-0399~Innate immunity",0.00229357798165138,1.95743289214181,1.91699029126214,0.409918384120999,0.433021674691426,"5537"
"KW-0132~Cell division",0.00227790432801822,1.94295098976938,1.90313253012048,0.412204692534527,0.434736781837057,"10899"
"R-HSA-168256~Immune System",0.00237079184447606,2.11554069927578,1.89037817137386,0.117543336391479,0.176561137000056,"1938, 1965, 3320, 7295, 9632"
"GO:0042802~identical protein binding",0.00224089635854342,1.94369565144839,1.79092970521542,0.179683677859374,0.226613117925988,"23023, 23184, 31, 3320"
"KW-0378~Hydrolase",0.0021953896816685,1.89979997441112,1.7541365907829,0.189252695032323,0.233046852596769,"1938, 3320, 5537, 9797"
"R-HSA-5663202~Diseases of signal transduction by growth factor receptors and second messengers",0.0020746887966805,1.75622182044622,1.72445414847162,0.444055118544329,0.467576497215216,"3320"
"GO:0006355~regulation of DNA-templated transcription",0.00210970464135021,1.77080976508228,1.70767567567568,0.328410913237388,0.357276217385947,"55249, 8721"
"R-HSA-449147~Signaling by Interleukins",0.00204498977505112,1.72909914111125,1.69849462365591,0.449080672723647,0.47211045081204,"3320"
"KW-0805~Transcription regulation",0.00208159866777685,1.82397159282302,1.65785054575987,0.176037533308874,0.2246704705265,"10771, 55249, 7295, 8721, 9921"
"GO:0003677~DNA binding",0.00204918032786885,1.73229218965524,1.64313453536755,0.274298213265827,0.30758910752544,"10771, 8721, 9328"
"hsa05022_Pathways_of_neurodegeneration",0.00198019801980198,1.67007299273213,1.64199584199584,0.460404410384071,0.483240469139121,"1965"
"R-HSA-597592~Post-translational protein modification",0.00194300518134715,1.63387805353555,1.55676741130092,0.302608268575326,0.332514278367527,"1938, 5537, 9632"
"WP5434:Cancer pathways",0.00187617260787992,1.57571848329544,1.5516699410609,0.479685404187808,0.502673522599364,"3320"
"KW-0238~DNA-binding",0.00192957067052581,1.64354166377661,1.53957115009747,0.258335945584863,0.294215938027205,"10771, 8721, 9328, 9921"
"hsa05200_Pathways_in_cancer",0.00179856115107914,1.50565896127872,1.48458646616541,0.495026889770568,0.51792287031817,"3320"
"R-HSA-9006934~Signaling by Receptor Tyrosine Kinases",0.0017921146953405,1.49985341722963,1.47902621722846,0.496340213299345,0.518470031726704,"3320"
"R-HSA-74160~Gene expression (Transcription)",0.00184729064039409,1.54530964696106,1.47902621722846,0.331162792202524,0.359673496166979,"3320, 7295, 9328"
"GO:0045087~innate immune response",0.00175746924428822,1.46868652164667,1.44917431192661,0.503505083817105,0.525118179624834,"5537"
"R-HSA-69278~Cell Cycle, Mitotic",0.00173310225303293,1.4468003750087,1.42820976491863,0.508654332101423,0.529646415648466,"3320"
"GO:0046872~metal ion binding",0.00175808720112518,1.49880684441522,1.39837110481586,0.281910489429939,0.314512382765374,"10771, 31, 5537, 9797, 9921"
"GO:0045892~negative regulation of DNA-templated transcription",0.00168067226890756,1.3998036932893,1.38318739054291,0.52005336096225,0.539802222770943,"10771"
"KW-0053~Apoptosis",0.00165562913907285,1.37740136486412,1.36172413793103,0.525657241445822,0.544756951640536,"10899"
"KW-0391~Immunity",0.00153139356814701,1.26670062661017,1.25564387917329,0.555082190291474,0.57434371739938,"5537"
"KW-0678~Repressor",0.00152671755725191,1.26254734271303,1.25166402535658,0.556245191179599,0.574640701439082,"10771"
"R-HSA-9709957~Sensory Perception",0.0015220700152207,1.2584203458836,1.2477093206951,0.557405273317343,0.574933741031725,"26020"
"KW-0653~Protein transport",0.00150829562594268,1.24619460578897,1.23599374021909,0.560868077353821,0.576691941605183,"9632"
"GO:0005515~protein binding",0.00147221199852779,1.81706063879275,1.16318114874816,0.159613408968634,0.211411879370821,"10771, 11180, 1938, 1965, 23023, 23184, 26020, 3069, 31, 3320, 4134, 55249, 5537, 65265, 7295, 8721, 9328, 950, 9632, 9921"
"GO:0006338~chromatin remodeling",0.00142045454545455,1.16843489390641,1.16147058823529,0.58384392705675,0.598440025233169,"5537"
"GO:0030154~cell differentiation",0.00136798905608755,1.12215939192957,1.11711456859972,0.598339283866185,0.612340983176626,"55249"
"GO:0008270~zinc ion binding",0.0013934045517882,1.12728079524839,1.11187236039418,0.515802313915488,0.53623822175683,"10771, 9632, 9921"
"R-HSA-8953854~Metabolism of RNA",0.0013531799729364,1.10912021262246,1.10461538461538,0.602540278517677,0.615679786148903,"6218"
"R-HSA-1266738~Developmental Biology",0.00135226504394861,1.09236901227507,1.08489010989011,0.559562331925672,0.576252574165213,"3320, 6218"
"GO:0005524~ATP binding",0.00131578947368421,1.06007583350345,1.05517702070808,0.575160171330096,0.590461772132305,"31, 3320"
"KW-0833~Ubl conjugation pathway",0.00125,1.01855110887532,1.01778350515464,0.633214385267765,0.64601654235716,"9921"
"R-HSA-1280218~Adaptive Immune System",0.00124378109452736,1.0131056196034,1.0125641025641,0.635144323813206,0.646979311213452,"9632"
"KW-0221~Differentiation",0.00120336943441637,0.977771952640659,0.978686493184634,0.647918720694441,0.657948422253179,"8721"
"KW-0675~Receptor",0.00116686114352392,0.928308977762083,0.934121821407451,0.643838872280792,0.654819070102635,"26020, 950"
"GO:0000122~negative regulation of transcription by RNA polymerase II",0.00102459016393443,0.822341026570347,0.829621848739496,0.709504208745242,0.719373664508313,"7295"
"KW-9996~Developmental protein",0.000950570342205323,0.758402501556736,0.768287937743191,0.737508747995542,0.745463387804431,"8721"
"KW-0217~Developmental protein",0.000950570342205323,0.758402501556736,0.768287937743191,0.737508747995542,0.745463387804431,"8721"
"GO:0045944~positive regulation of transcription by RNA polymerase II",0.000822368421052632,0.648228895770359,0.66258389261745,0.789379395792267,0.796665974830349,"9921"
"R-HSA-212436~Generic Transcription Pathway",0.00078125,0.613043930159911,0.628821656050955,0.80682164159445,0.813018428396251,"7295"
"R-HSA-162582~Signal Transduction",0.000757002271006813,0.568304970148178,0.603130966017564,0.862667838915424,0.866631090855311,"11180, 3320"
"R-HSA-73857~RNA Polymerase II Transcription",0.000712758374910905,0.55459739604798,0.572733865119652,0.836529205256345,0.841661286270187,"7295"
"hsa01100_Metabolic_pathways",0.000629326620516048,0.483733584556104,0.504664536741214,0.873278588160883,0.875949164883087,"31"
"GO:0006357~regulation of transcription by RNA polymerase II",0.000585823081429408,0.446852153008676,0.469281045751634,0.892328164303145,0.893690497378417,"5537"
"KW-0808~Transferase",0.000489955903968643,0.365918541355078,0.391571641051066,0.932498454150756,0.932498454150756,"9921"
